Workbook

Sheet Start_Here
B1: MGMT-6124 Questionnaire Assignment: Analysis Workbook
B2: Topic: Generative AI at Work and in School. This workbook is empty until you paste in your REAL survey responses. Nothing here is sample data.
B4: How to use it
B5: 1. Build the Google Form (create_form.gs does it for you), share it, and let responses come in.
B6: 2. In the form: Responses > Link to Sheets (or the three-dot menu > Download responses (.csv)).
B7: 3. Open the export. Copy ALL cells, including the header row, and paste into Responses!A1. Column ORDER must stay the same (Timestamp, then Q1 to Q14, with Q6 as three columns). Header wording does not matter to the formulas.
B8: 4. Check the Live check box below. Then read Summary (one block + chart per question), then the XTab sheets (differences by group).
B9: 5. Look at the 'Largest differences' table at the top of each XTab sheet. Those are your candidate 'interesting findings'. Then confirm them by looking at the group sizes (small groups are flagged red).
B10: 6. Copy charts/tables into your report. Write the interpretation in the yellow cells on Summary as you go.
B12: Settings (blue text on yellow = you can edit)
B13: Minimum respondents required (assignment) | C13: 30 | D13: The assignment requires at least 30 respondents.
B14: People you invited (for overall response rate) | D14: Add up everyone you sent the link to. Leave blank until you know.
B15: Small-group warning below n = | C15: 5 | D15: Groups smaller than this are flagged red on the XTab sheets. Treat their percentages as anecdotal.
B16: 'Notable difference' gap (percentage points) | C16: 0.2 | D16: Gaps between groups at or above this are highlighted amber on the XTab sheets.
B18: Live check (formulas, do not overwrite)
B19: Total responses received | C19: =COUNTA(Responses!$A$2:$A$1000) -> 0
B20: Minimum met? | C20: =IF(C19>=Start_Here!$C$13,"Yes: " & C19 & " responses","Not yet: need " & (Start_Here!$C$13-C19) & " more") -> Not yet: need 30 more
B21: Overall response rate (responses / people invited) | C21: =IF(N(Start_Here!$C$14)>0,C19/Start_Here!$C$14,"Enter people invited above") -> Enter people invited above
B22: Respondents who use AI tools (shown Q4 to Q7) | C22: =COUNTIFS(Responses!$D$2:$D$1000,"<>Never",Responses!$D$2:$D$1000,"<>") -> 0
B23: Share of respondents who use AI tools | C23: =IF(C19=0,"",C22/C19)
B25: Branching: who is asked what
B26: Anyone who answers 'Never' to Q3 skips Q4 to Q7 (they do not use AI tools, so the questions do not apply). Those blanks are NOT missing data. On Summary, 'Base' for Q4 to Q7 is therefore the number of AI users, and the response rate is answered / base.
B28: Format example of ONE pasted row (not counted anywhere)
B29: Column (Responses sheet) | C29: Example value | D29: Note
B30: Timestamp | C30: 2026-10-20 14:32:07 | D30: Added automatically by Google Forms.
B31: Q1 Age group | C31: 25 to 34 | D31: Text must match the option wording on the form.
B32: Q2 Main activity | C32: Employed only (full-time or part-time) | D32: Text must match the option wording on the form.
B33: Q3 Frequency of use | C33: A few times a week | D33: Text must match the option wording on the form.
B34: Q4 Tasks AI is used for | C34: Writing or editing, Research or summarizing | D34: Checkbox answers arrive as ONE cell with answers separated by commas. The workbook searches inside the cell.
B35: Q5 Hours saved per week | C35: 1 to 3 hours | D35: Text must match the option wording on the form.
B36: Q6 [AI tools help me complete tasks fa...] | C36: Agree | D36: Exactly one of: Strongly disagree, Disagree, Neutral, Agree, Strongly agree
B37: Q6 [AI tools improve the quality of my...] | C37: Agree | D37: Exactly one of: Strongly disagree, Disagree, Neutral, Agree, Strongly agree
B38: Q6 [I always check AI-generated output...] | C38: Agree | D38: Exactly one of: Strongly disagree, Disagree, Neutral, Agree, Strongly agree
B39: Q7 Confidence using AI | C39: 4 | D39: Scale answers are numbers 1 to 5.
B40: Q8 Guidance received | C40: Written policy or guidelines only | D40: Text must match the option wording on the form.
... B46: Q14 Open comment | C46: (any free text, or blank) | D46: Optional. Blank is normal.
B48: Making a real PivotTable (your professor asked for pivot tables / cross tabs in Excel)
B49: The XTab sheets already hold formula-based cross tabulations. To also show a PivotTable (recommended, it is what the course video teaches), do this at least once for your report:
B50: a) Click any cell in the Responses table. Insert > PivotTable > New Worksheet.
B51: b) Drag 'Q1. Which age group are you in?' to Rows, 'Q3. How often do you use...' to Columns, and Q3 again to Values (Count).
B52: c) Right-click a value > Show Values As > % of Column Total to compare groups fairly when group sizes differ.
B53: d) Insert > PivotChart for a graphic. Screenshot it for the report. Repeat with Q2 (main activity) as the row field.
B54: Tip: a PivotTable cannot split the comma-separated checkbox cells (Q4, Q10). Use the XTab sheets for those questions.
B56: Colour key | C56: Input / editable | D56: Everything else is a formula or fixed label. Sheet limit: 999 responses.

Sheet Responses
A1: Timestamp | B1: Q1. Which age group are you in? | C1: Q2. Which best describes what you do right now? | D1: Q3. How often do you use generative AI tools (for example ChatGPT, Copilot, Gemini or Claude) for work or study? | E1: Q4. Which tasks do you use AI tools for? Select all that apply. | F1: Q5. On average, about how much time per week do AI tools save you? | G1: Q6. How much do you agree with each statement about your own use of AI tools? [AI tools help me complete tasks faster.] | H1: Q6. How much do you agree with each statement about your own use of AI tools? [AI tools improve the quality of my work.] | I1: Q6. How much do you agree with each statement about your own use of AI tools? [I always check AI-generated output before I use it.] | J1: Q7. How confident are you in your ability to use AI tools effectively? | K1: Q8. Which best describes the guidance you have received about using AI tools from your employer or school? | L1: Q9. Which best describes your employer's or school's current approach to AI tools? | M1: Q10. What are the biggest barriers to using AI tools (more) in your work or study? Select up to 3. | N1: Q11. "AI will reduce job opportunities in my field over the next 5 years." How much do you agree? | O1: Q12. If your employer or school invested in ONE of these, which would help you most? | P1: Q13. Over the next 12 months, do you expect your use of AI tools to change? | Q1: Q14. In a sentence or two, what is the single biggest benefit or risk of AI tools for your work or study? (optional)

Sheet Summary
A1: Question-by-question summary
A2: Counts, % and charts update automatically from the Responses sheet. 'Response rate' = answered / base (those shown the question).
A3: Total responses: | B3: =Start_Here!$C$19 -> 0
A5: Q1. Which age group are you in?
A6: Type: Multiple choice (single answer) | Base: all respondents
A7: Response option | B7: Count | C7: % of answered
A8: 18 to 24 | B8: =COUNTIF(Responses!$B$2:$B$1000,A8) -> 0 | C8: =IF($B$12=0,"",B8/$B$12)
A9: 25 to 34 | B9: =COUNTIF(Responses!$B$2:$B$1000,A9) -> 0 | C9: =IF($B$12=0,"",B9/$B$12)
A10: 35 to 44 | B10: =COUNTIF(Responses!$B$2:$B$1000,A10) -> 0 | C10: =IF($B$12=0,"",B10/$B$12)
A11: 45 or older | B11: =COUNTIF(Responses!$B$2:$B$1000,A11) -> 0 | C11: =IF($B$12=0,"",B11/$B$12)
A12: Answered (n) | B12: =COUNTA(Responses!$B$2:$B$1000) -> 0
A13: Base (shown the question) | B13: =Start_Here!$C$19 -> 0
A14: Response rate | B14: =IF(B13=0,"",B12/B13)
A15: Unmatched answers (should be 0; if not, edit label to match the form) | B15: =B12-SUM(B8:B11) -> 0
A23: Interpretation (draft your 2 to 3 sentences here):
A25: Q2. Which best describes what you do right now?
A26: Type: Multiple choice (single answer) | Base: all respondents
A27: Response option | B27: Count | C27: % of answered
A28: Student only | B28: =COUNTIF(Responses!$C$2:$C$1000,A28) -> 0 | C28: =IF($B$32=0,"",B28/$B$32)
A29: Employed only (full-time or part-time) | B29: =COUNTIF(Responses!$C$2:$C$1000,A29) -> 0 | C29: =IF($B$32=0,"",B29/$B$32)
A30: Both student and employed | B30: =COUNTIF(Responses!$C$2:$C$1000,A30) -> 0 | C30: =IF($B$32=0,"",B30/$B$32)
A31: Neither at the moment | B31: =COUNTIF(Responses!$C$2:$C$1000,A31) -> 0 | C31: =IF($B$32=0,"",B31/$B$32)
A32: Answered (n) | B32: =COUNTA(Responses!$C$2:$C$1000) -> 0
A33: Base (shown the question) | B33: =Start_Here!$C$19 -> 0
A34: Response rate | B34: =IF(B33=0,"",B32/B33)
A35: Unmatched answers (should be 0; if not, edit label to match the form) | B35: =B32-SUM(B28:B31) -> 0
A43: Interpretation (draft your 2 to 3 sentences here):
A45: Q3. How often do you use generative AI tools (for example ChatGPT, Copilot, Gemini or Claude) for work or study?
A46: Type: Multiple choice (single answer) | Base: all respondents
A47: Response option | B47: Count | C47: % of answered
A48: Never | B48: =COUNTIF(Responses!$D$2:$D$1000,A48) -> 0 | C48: =IF($B$53=0,"",B48/$B$53)
A49: Less than once a month | B49: =COUNTIF(Responses!$D$2:$D$1000,A49) -> 0 | C49: =IF($B$53=0,"",B49/$B$53)
A50: A few times a month | B50: =COUNTIF(Responses!$D$2:$D$1000,A50) -> 0 | C50: =IF($B$53=0,"",B50/$B$53)
A51: A few times a week | B51: =COUNTIF(Responses!$D$2:$D$1000,A51) -> 0 | C51: =IF($B$53=0,"",B51/$B$53)
A52: Daily | B52: =COUNTIF(Responses!$D$2:$D$1000,A52) -> 0 | C52: =IF($B$53=0,"",B52/$B$53)
A53: Answered (n) | B53: =COUNTA(Responses!$D$2:$D$1000) -> 0
A54: Base (shown the question) | B54: =Start_Here!$C$19 -> 0
A55: Response rate | B55: =IF(B54=0,"",B53/B54)
A56: Unmatched answers (should be 0; if not, edit label to match the form) | B56: =B53-SUM(B48:B52) -> 0
A63: Interpretation (draft your 2 to 3 sentences here):
A65: Q4. Which tasks do you use AI tools for? Select all that apply.
A66: Type: Checkboxes (select all / up to N) | Base: AI users only (anyone not answering 'Never' on Q3)
A67: Response option | B67: Count | C67: % of answered
A68: Writing or editing | B68: =COUNTIF(Responses!$E$2:$E$1000,"*"&A68&"*") -> 0 | C68: =IF($B$75=0,"",B68/$B$75)
A69: Research or summarizing | B69: =COUNTIF(Responses!$E$2:$E$1000,"*"&A69&"*") -> 0 | C69: =IF($B$75=0,"",B69/$B$75)
A70: Brainstorming ideas | B70: =COUNTIF(Responses!$E$2:$E$1000,"*"&A70&"*") -> 0 | C70: =IF($B$75=0,"",B70/$B$75)
A71: Analyzing data or spreadsheets | B71: =COUNTIF(Responses!$E$2:$E$1000,"*"&A71&"*") -> 0 | C71: =IF($B$75=0,"",B71/$B$75)
A72: Coding or technical help | B72: =COUNTIF(Responses!$E$2:$E$1000,"*"&A72&"*") -> 0 | C72: =IF($B$75=0,"",B72/$B$75)
A73: Translation or language support | B73: =COUNTIF(Responses!$E$2:$E$1000,"*"&A73&"*") -> 0 | C73: =IF($B$75=0,"",B73/$B$75)
A74: Scheduling or admin tasks | B74: =COUNTIF(Responses!$E$2:$E$1000,"*"&A74&"*") -> 0 | C74: =IF($B$75=0,"",B74/$B$75)
A75: Answered (n) | B75: =COUNTA(Responses!$E$2:$E$1000) -> 0
A76: Base (shown the question) | B76: =Start_Here!$C$22 -> 0
A77: Response rate | B77: =IF(B76=0,"",B75/B76)
A78: Checkbox question: % are of respondents, so they add to more than 100%.
A83: Interpretation (draft your 2 to 3 sentences here):
A85: Q5. On average, about how much time per week do AI tools save you?
A86: Type: Multiple choice (single answer) | Base: AI users only (anyone not answering 'Never' on Q3)
A87: Response option | B87: Count | C87: % of answered
A88: None - no time saved | B88: =COUNTIF(Responses!$F$2:$F$1000,A88) -> 0 | C88: =IF($B$93=0,"",B88/$B$93)
A89: Less than 1 hour | B89: =COUNTIF(Responses!$F$2:$F$1000,A89) -> 0 | C89: =IF($B$93=0,"",B89/$B$93)
A90: 1 to 3 hours | B90: =COUNTIF(Responses!$F$2:$F$1000,A90) -> 0 | C90: =IF($B$93=0,"",B90/$B$93)
A91: 4 to 6 hours | B91: =COUNTIF(Responses!$F$2:$F$1000,A91) -> 0 | C91: =IF($B$93=0,"",B91/$B$93)
A92: 7 or more hours | B92: =COUNTIF(Responses!$F$2:$F$1000,A92) -> 0 | C92: =IF($B$93=0,"",B92/$B$93)
A93: Answered (n) | B93: =COUNTA(Responses!$F$2:$F$1000) -> 0
A94: Base (shown the question) | B94: =Start_Here!$C$22 -> 0
A95: Response rate | B95: =IF(B94=0,"",B93/B94)
A96: Unmatched answers (should be 0; if not, edit label to match the form) | B96: =B93-SUM(B88:B92) -> 0
A103: Interpretation (draft your 2 to 3 sentences here):
A105: Q6. How much do you agree with each statement about your own use of AI tools?
A106: Type: Likert grid (5-point agreement) | Base: AI users only (anyone not answering 'Never' on Q3)
A107: Counts | B107: Strongly disagree | C107: Disagree | D107: Neutral | E107: Agree | F107: Strongly agree | G107: Answered
A108: AI tools help me complete tasks faster. | B108: =COUNTIF(Responses!$G$2:$G$1000,B$107) -> 0 | C108: =COUNTIF(Responses!$G$2:$G$1000,C$107) -> 0 | D108: =COUNTIF(Responses!$G$2:$G$1000,D$107) -> 0 | E108: =COUNTIF(Responses!$G$2:$G$1000,E$107) -> 0 | F108: =COUNTIF(Responses!$G$2:$G$1000,F$107) -> 0 | G108: =COUNTA(Responses!$G$2:$G$1000) -> 0
A109: AI tools improve the quality of my work. | B109: =COUNTIF(Responses!$H$2:$H$1000,B$107) -> 0 | C109: =COUNTIF(Responses!$H$2:$H$1000,C$107) -> 0 | D109: =COUNTIF(Responses!$H$2:$H$1000,D$107) -> 0 | E109: =COUNTIF(Responses!$H$2:$H$1000,E$107) -> 0 | F109: =COUNTIF(Responses!$H$2:$H$1000,F$107) -> 0 | G109: =COUNTA(Responses!$H$2:$H$1000) -> 0
A110: I always check AI-generated output before I use it. | B110: =COUNTIF(Responses!$I$2:$I$1000,B$107) -> 0 | C110: =COUNTIF(Responses!$I$2:$I$1000,C$107) -> 0 | D110: =COUNTIF(Responses!$I$2:$I$1000,D$107) -> 0 | E110: =COUNTIF(Responses!$I$2:$I$1000,E$107) -> 0 | F110: =COUNTIF(Responses!$I$2:$I$1000,F$107) -> 0 | G110: =COUNTA(Responses!$I$2:$I$1000) -> 0
A112: % of answered | B112: Strongly disagree | C112: Disagree | D112: Neutral | E112: Agree | F112: Strongly agree | G112: % agree or strongly agree
A113: AI tools help me complete tasks faster. | B113: =IF($G108=0,"",B108/$G108) | C113: =IF($G108=0,"",C108/$G108) | D113: =IF($G108=0,"",D108/$G108) | E113: =IF($G108=0,"",E108/$G108) | F113: =IF($G108=0,"",F108/$G108) | G113: =IF($G108=0,"",(E108+F108)/$G108)
A114: AI tools improve the quality of my work. | B114: =IF($G109=0,"",B109/$G109) | C114: =IF($G109=0,"",C109/$G109) | D114: =IF($G109=0,"",D109/$G109) | E114: =IF($G109=0,"",E109/$G109) | F114: =IF($G109=0,"",F109/$G109) | G114: =IF($G109=0,"",(E109+F109)/$G109)
A115: I always check AI-generated output before I use it. | B115: =IF($G110=0,"",B110/$G110) | C115: =IF($G110=0,"",C110/$G110) | D115: =IF($G110=0,"",D110/$G110) | E115: =IF($G110=0,"",E110/$G110) | F115: =IF($G110=0,"",F110/$G110) | G115: =IF($G110=0,"",(E110+F110)/$G110)
A117: Base (shown the question) | B117: =Start_Here!$C$22 -> 0
A118: Response rate (lowest of the 3 statements) | B118: =IF(B117=0,"",MIN(G108:G110)/B117)
A119: Unmatched answers (should be 0) | B119: =SUM(G108:G110)-SUM(B108:F110) -> 0
A138: Interpretation (draft your 2 to 3 sentences here):
A140: Q7. How confident are you in your ability to use AI tools effectively?
A141: Type: Linear scale (1 to 5) | Base: AI users only (anyone not answering 'Never' on Q3)
A142: Rating | B142: Count | C142: % of answered
A143: 1 (Not at all confident) | B143: =COUNTIF(Responses!$J$2:$J$1000,1) -> 0 | C143: =IF($B$148=0,"",B143/$B$148)
A144: 2 | B144: =COUNTIF(Responses!$J$2:$J$1000,2) -> 0 | C144: =IF($B$148=0,"",B144/$B$148)
A145: 3 | B145: =COUNTIF(Responses!$J$2:$J$1000,3) -> 0 | C145: =IF($B$148=0,"",B145/$B$148)
A146: 4 | B146: =COUNTIF(Responses!$J$2:$J$1000,4) -> 0 | C146: =IF($B$148=0,"",B146/$B$148)
A147: 5 (Very confident) | B147: =COUNTIF(Responses!$J$2:$J$1000,5) -> 0 | C147: =IF($B$148=0,"",B147/$B$148)
A148: Answered (n) | B148: =COUNT(Responses!$J$2:$J$1000) -> 0
A149: Mean rating | B149: =IFERROR(AVERAGE(Responses!$J$2:$J$1000),"")
A150: Base (shown the question) | B150: =Start_Here!$C$22 -> 0
A151: Response rate | B151: =IF(B150=0,"",B148/B150)
A158: Interpretation (draft your 2 to 3 sentences here):
A160: Q8. Which best describes the guidance you have received about using AI tools from your employer or school?
A161: Type: Multiple choice (single answer) | Base: all respondents
A162: Response option | B162: Count | C162: % of answered
A163: Formal training | B163: =COUNTIF(Responses!$K$2:$K$1000,A163) -> 0 | C163: =IF($B$167=0,"",B163/$B$167)
A164: Written policy or guidelines only | B164: =COUNTIF(Responses!$K$2:$K$1000,A164) -> 0 | C164: =IF($B$167=0,"",B164/$B$167)
...

Sheet XTab_Age
A1: Cross-tabs by age group (Q1)
A2: Do answers differ by age? Percentages are within each age group. Counts on the left, column % on the right.
A4: Group | B4: n | C4: % of sample | D4: Flag
A5: 18 to 24 | B5: =COUNTIF(Responses!$B$2:$B$1000,A5) -> 0 | C5: =IF(Start_Here!$C$19=0,"",B5/Start_Here!$C$19) | D5: =IF(B5<Start_Here!$C$15,"small n","") -> small n
A6: 25 to 34 | B6: =COUNTIF(Responses!$B$2:$B$1000,A6) -> 0 | C6: =IF(Start_Here!$C$19=0,"",B6/Start_Here!$C$19) | D6: =IF(B6<Start_Here!$C$15,"small n","") -> small n
A7: 35 to 44 | B7: =COUNTIF(Responses!$B$2:$B$1000,A7) -> 0 | C7: =IF(Start_Here!$C$19=0,"",B7/Start_Here!$C$19) | D7: =IF(B7<Start_Here!$C$15,"small n","") -> small n
A8: 45 or older | B8: =COUNTIF(Responses!$B$2:$B$1000,A8) -> 0 | C8: =IF(Start_Here!$C$19=0,"",B8/Start_Here!$C$19) | D8: =IF(B8<Start_Here!$C$15,"small n","") -> small n
A10: Largest differences between groups (top 5, in percentage points)
A11: Row (question / option) | B11: Qn | C11: Gap | D11: Highest group | H11: Lowest group | L11: (row ref)
A12: =IF(L12="","",INDEX($A$21:$A$147,L12)) | B12: =IF(L12="","",INDEX($N$21:$N$147,L12)) | C12: =IF(L12="","",INDEX($M$21:$M$147,L12)) | D12: =IF(L12="","",INDEX($P$21:$P$147,L12)) | H12: =IF(L12="","",INDEX($Q$21:$Q$147,L12)) | L12: =IFERROR(MATCH(LARGE($O$21:$O$147,1),$O$21:$O$147,0),"")
A13: =IF(L13="","",INDEX($A$21:$A$147,L13)) | B13: =IF(L13="","",INDEX($N$21:$N$147,L13)) | C13: =IF(L13="","",INDEX($M$21:$M$147,L13)) | D13: =IF(L13="","",INDEX($P$21:$P$147,L13)) | H13: =IF(L13="","",INDEX($Q$21:$Q$147,L13)) | L13: =IFERROR(MATCH(LARGE($O$21:$O$147,2),$O$21:$O$147,0),"")
A14: =IF(L14="","",INDEX($A$21:$A$147,L14)) | B14: =IF(L14="","",INDEX($N$21:$N$147,L14)) | C14: =IF(L14="","",INDEX($M$21:$M$147,L14)) | D14: =IF(L14="","",INDEX($P$21:$P$147,L14)) | H14: =IF(L14="","",INDEX($Q$21:$Q$147,L14)) | L14: =IFERROR(MATCH(LARGE($O$21:$O$147,3),$O$21:$O$147,0),"")
A15: =IF(L15="","",INDEX($A$21:$A$147,L15)) | B15: =IF(L15="","",INDEX($N$21:$N$147,L15)) | C15: =IF(L15="","",INDEX($M$21:$M$147,L15)) | D15: =IF(L15="","",INDEX($P$21:$P$147,L15)) | H15: =IF(L15="","",INDEX($Q$21:$Q$147,L15)) | L15: =IFERROR(MATCH(LARGE($O$21:$O$147,4),$O$21:$O$147,0),"")
A16: =IF(L16="","",INDEX($A$21:$A$147,L16)) | B16: =IF(L16="","",INDEX($N$21:$N$147,L16)) | C16: =IF(L16="","",INDEX($M$21:$M$147,L16)) | D16: =IF(L16="","",INDEX($P$21:$P$147,L16)) | H16: =IF(L16="","",INDEX($Q$21:$Q$147,L16)) | L16: =IFERROR(MATCH(LARGE($O$21:$O$147,5),$O$21:$O$147,0),"")
A17: A big gap with tiny groups is noise, not a finding. Check the red 'small n' flags above and the Base row of the block before you rely on a gap.
A18: Rows with a gap are highlighted amber when the gap reaches the threshold set on Start_Here. (Columns N to Q hold hidden helper formulas for this table.)
A21: Q2. Which best describes what you do right now?
A22: Base = respondents in the group who answered the question | B22: Count | H22: Column % (within group) | M22: Gap (max - min)
B23: =$A$5 -> 18 to 24 | C23: =$A$6 -> 25 to 34 | D23: =$A$7 -> 35 to 44 | E23: =$A$8 -> 45 or older | F23: All | H23: =$A$5 -> 18 to 24 | I23: =$A$6 -> 25 to 34 | J23: =$A$7 -> 35 to 44 | K23: =$A$8 -> 45 or older | L23: All
A24: Base (n answering) | B24: =COUNTIFS(Responses!$B$2:$B$1000,$A$5,Responses!$C$2:$C$1000,"<>") -> 0 | C24: =COUNTIFS(Responses!$B$2:$B$1000,$A$6,Responses!$C$2:$C$1000,"<>") -> 0 | D24: =COUNTIFS(Responses!$B$2:$B$1000,$A$7,Responses!$C$2:$C$1000,"<>") -> 0 | E24: =COUNTIFS(Responses!$B$2:$B$1000,$A$8,Responses!$C$2:$C$1000,"<>") -> 0 | F24: =COUNTA(Responses!$C$2:$C$1000) -> 0
A25: Student only | B25: =COUNTIFS(Responses!$C$2:$C$1000,$A25,Responses!$B$2:$B$1000,$A$5) -> 0 | C25: =COUNTIFS(Responses!$C$2:$C$1000,$A25,Responses!$B$2:$B$1000,$A$6) -> 0 | D25: =COUNTIFS(Responses!$C$2:$C$1000,$A25,Responses!$B$2:$B$1000,$A$7) -> 0 | E25: =COUNTIFS(Responses!$C$2:$C$1000,$A25,Responses!$B$2:$B$1000,$A$8) -> 0 | F25: =COUNTIF(Responses!$C$2:$C$1000,$A25) -> 0 | H25: =IF(B$24=0,"",B25/B$24) | I25: =IF(C$24=0,"",C25/C$24) | J25: =IF(D$24=0,"",D25/D$24) | K25: =IF(E$24=0,"",E25/E$24) | L25: =IF(F$24=0,"",F25/F$24) | M25: =IF(COUNT(H25:K25)<2,"",MAX(H25:K25)-MIN(H25:K25)) | N25: Q2 | O25: =IF(M25="","",M25+ROW()/1000000000) | P25: =IF(M25="","",INDEX($A$5:$A$8,MATCH(MAX(H25:K25),H25:K25,0))) | Q25: =IF(M25="","",INDEX($A$5:$A$8,MATCH(MIN(H25:K25),H25:K25,0)))
A26: Employed only (full-time or part-time) | B26: =COUNTIFS(Responses!$C$2:$C$1000,$A26,Responses!$B$2:$B$1000,$A$5) -> 0 | C26: =COUNTIFS(Responses!$C$2:$C$1000,$A26,Responses!$B$2:$B$1000,$A$6) -> 0 | D26: =COUNTIFS(Responses!$C$2:$C$1000,$A26,Responses!$B$2:$B$1000,$A$7) -> 0 | E26: =COUNTIFS(Responses!$C$2:$C$1000,$A26,Responses!$B$2:$B$1000,$A$8) -> 0 | F26: =COUNTIF(Responses!$C$2:$C$1000,$A26) -> 0 | H26: =IF(B$24=0,"",B26/B$24) | I26: =IF(C$24=0,"",C26/C$24) | J26: =IF(D$24=0,"",D26/D$24) | K26: =IF(E$24=0,"",E26/E$24) | L26: =IF(F$24=0,"",F26/F$24) | M26: =IF(COUNT(H26:K26)<2,"",MAX(H26:K26)-MIN(H26:K26)) | N26: Q2 | O26: =IF(M26="","",M26+ROW()/1000000000) | P26: =IF(M26="","",INDEX($A$5:$A$8,MATCH(MAX(H26:K26),H26:K26,0))) | Q26: =IF(M26="","",INDEX($A$5:$A$8,MATCH(MIN(H26:K26),H26:K26,0)))
A27: Both student and employed | B27: =COUNTIFS(Responses!$C$2:$C$1000,$A27,Responses!$B$2:$B$1000,$A$5) -> 0 | C27: =COUNTIFS(Responses!$C$2:$C$1000,$A27,Responses!$B$2:$B$1000,$A$6) -> 0 | D27: =COUNTIFS(Responses!$C$2:$C$1000,$A27,Responses!$B$2:$B$1000,$A$7) -> 0 | E27: =COUNTIFS(Responses!$C$2:$C$1000,$A27,Responses!$B$2:$B$1000,$A$8) -> 0 | F27: =COUNTIF(Responses!$C$2:$C$1000,$A27) -> 0 | H27: =IF(B$24=0,"",B27/B$24) | I27: =IF(C$24=0,"",C27/C$24) | J27: =IF(D$24=0,"",D27/D$24) | K27: =IF(E$24=0,"",E27/E$24) | L27: =IF(F$24=0,"",F27/F$24) | M27: =IF(COUNT(H27:K27)<2,"",MAX(H27:K27)-MIN(H27:K27)) | N27: Q2 | O27: =IF(M27="","",M27+ROW()/1000000000) | P27: =IF(M27="","",INDEX($A$5:$A$8,MATCH(MAX(H27:K27),H27:K27,0))) | Q27: =IF(M27="","",INDEX($A$5:$A$8,MATCH(MIN(H27:K27),H27:K27,0)))
A28: Neither at the moment | B28: =COUNTIFS(Responses!$C$2:$C$1000,$A28,Responses!$B$2:$B$1000,$A$5) -> 0 | C28: =COUNTIFS(Responses!$C$2:$C$1000,$A28,Responses!$B$2:$B$1000,$A$6) -> 0 | D28: =COUNTIFS(Responses!$C$2:$C$1000,$A28,Responses!$B$2:$B$1000,$A$7) -> 0 | E28: =COUNTIFS(Responses!$C$2:$C$1000,$A28,Responses!$B$2:$B$1000,$A$8) -> 0 | F28: =COUNTIF(Responses!$C$2:$C$1000,$A28) -> 0 | H28: =IF(B$24=0,"",B28/B$24) | I28: =IF(C$24=0,"",C28/C$24) | J28: =IF(D$24=0,"",D28/D$24) | K28: =IF(E$24=0,"",E28/E$24) | L28: =IF(F$24=0,"",F28/F$24) | M28: =IF(COUNT(H28:K28)<2,"",MAX(H28:K28)-MIN(H28:K28)) | N28: Q2 | O28: =IF(M28="","",M28+ROW()/1000000000) | P28: =IF(M28="","",INDEX($A$5:$A$8,MATCH(MAX(H28:K28),H28:K28,0))) | Q28: =IF(M28="","",INDEX($A$5:$A$8,MATCH(MIN(H28:K28),H28:K28,0)))
A31: Q3. How often do you use generative AI tools (for example ChatGPT, Copilot, Gemini or Claude) for work or study?
A32: Base = respondents in the group who answered the question | B32: Count | H32: Column % (within group) | M32: Gap (max - min)
B33: =$A$5 -> 18 to 24 | C33: =$A$6 -> 25 to 34 | D33: =$A$7 -> 35 to 44 | E33: =$A$8 -> 45 or older | F33: All | H33: =$A$5 -> 18 to 24 | I33: =$A$6 -> 25 to 34 | J33: =$A$7 -> 35 to 44 | K33: =$A$8 -> 45 or older | L33: All
A34: Base (n answering) | B34: =COUNTIFS(Responses!$B$2:$B$1000,$A$5,Responses!$D$2:$D$1000,"<>") -> 0 | C34: =COUNTIFS(Responses!$B$2:$B$1000,$A$6,Responses!$D$2:$D$1000,"<>") -> 0 | D34: =COUNTIFS(Responses!$B$2:$B$1000,$A$7,Responses!$D$2:$D$1000,"<>") -> 0 | E34: =COUNTIFS(Responses!$B$2:$B$1000,$A$8,Responses!$D$2:$D$1000,"<>") -> 0 | F34: =COUNTA(Responses!$D$2:$D$1000) -> 0
A35: Never | B35: =COUNTIFS(Responses!$D$2:$D$1000,$A35,Responses!$B$2:$B$1000,$A$5) -> 0 | C35: =COUNTIFS(Responses!$D$2:$D$1000,$A35,Responses!$B$2:$B$1000,$A$6) -> 0 | D35: =COUNTIFS(Responses!$D$2:$D$1000,$A35,Responses!$B$2:$B$1000,$A$7) -> 0 | E35: =COUNTIFS(Responses!$D$2:$D$1000,$A35,Responses!$B$2:$B$1000,$A$8) -> 0 | F35: =COUNTIF(Responses!$D$2:$D$1000,$A35) -> 0 | H35: =IF(B$34=0,"",B35/B$34) | I35: =IF(C$34=0,"",C35/C$34) | J35: =IF(D$34=0,"",D35/D$34) | K35: =IF(E$34=0,"",E35/E$34) | L35: =IF(F$34=0,"",F35/F$34) | M35: =IF(COUNT(H35:K35)<2,"",MAX(H35:K35)-MIN(H35:K35)) | N35: Q3 | O35: =IF(M35="","",M35+ROW()/1000000000) | P35: =IF(M35="","",INDEX($A$5:$A$8,MATCH(MAX(H35:K35),H35:K35,0))) | Q35: =IF(M35="","",INDEX($A$5:$A$8,MATCH(MIN(H35:K35),H35:K35,0)))
A36: Less than once a month | B36: =COUNTIFS(Responses!$D$2:$D$1000,$A36,Responses!$B$2:$B$1000,$A$5) -> 0 | C36: =COUNTIFS(Responses!$D$2:$D$1000,$A36,Responses!$B$2:$B$1000,$A$6) -> 0 | D36: =COUNTIFS(Responses!$D$2:$D$1000,$A36,Responses!$B$2:$B$1000,$A$7) -> 0 | E36: =COUNTIFS(Responses!$D$2:$D$1000,$A36,Responses!$B$2:$B$1000,$A$8) -> 0 | F36: =COUNTIF(Responses!$D$2:$D$1000,$A36) -> 0 | H36: =IF(B$34=0,"",B36/B$34) | I36: =IF(C$34=0,"",C36/C$34) | J36: =IF(D$34=0,"",D36/D$34) | K36: =IF(E$34=0,"",E36/E$34) | L36: =IF(F$34=0,"",F36/F$34) | M36: =IF(COUNT(H36:K36)<2,"",MAX(H36:K36)-MIN(H36:K36)) | N36: Q3 | O36: =IF(M36="","",M36+ROW()/1000000000) | P36: =IF(M36="","",INDEX($A$5:$A$8,MATCH(MAX(H36:K36),H36:K36,0))) | Q36: =IF(M36="","",INDEX($A$5:$A$8,MATCH(MIN(H36:K36),H36:K36,0)))
A37: A few times a month | B37: =COUNTIFS(Responses!$D$2:$D$1000,$A37,Responses!$B$2:$B$1000,$A$5) -> 0 | C37: =COUNTIFS(Responses!$D$2:$D$1000,$A37,Responses!$B$2:$B$1000,$A$6) -> 0 | D37: =COUNTIFS(Responses!$D$2:$D$1000,$A37,Responses!$B$2:$B$1000,$A$7) -> 0 | E37: =COUNTIFS(Responses!$D$2:$D$1000,$A37,Responses!$B$2:$B$1000,$A$8) -> 0 | F37: =COUNTIF(Responses!$D$2:$D$1000,$A37) -> 0 | H37: =IF(B$34=0,"",B37/B$34) | I37: =IF(C$34=0,"",C37/C$34) | J37: =IF(D$34=0,"",D37/D$34) | K37: =IF(E$34=0,"",E37/E$34) | L37: =IF(F$34=0,"",F37/F$34) | M37: =IF(COUNT(H37:K37)<2,"",MAX(H37:K37)-MIN(H37:K37)) | N37: Q3 | O37: =IF(M37="","",M37+ROW()/1000000000) | P37: =IF(M37="","",INDEX($A$5:$A$8,MATCH(MAX(H37:K37),H37:K37,0))) | Q37: =IF(M37="","",INDEX($A$5:$A$8,MATCH(MIN(H37:K37),H37:K37,0)))
A38: A few times a week | B38: =COUNTIFS(Responses!$D$2:$D$1000,$A38,Responses!$B$2:$B$1000,$A$5) -> 0 | C38: =COUNTIFS(Responses!$D$2:$D$1000,$A38,Responses!$B$2:$B$1000,$A$6) -> 0 | D38: =COUNTIFS(Responses!$D$2:$D$1000,$A38,Responses!$B$2:$B$1000,$A$7) -> 0 | E38: =COUNTIFS(Responses!$D$2:$D$1000,$A38,Responses!$B$2:$B$1000,$A$8) -> 0 | F38: =COUNTIF(Responses!$D$2:$D$1000,$A38) -> 0 | H38: =IF(B$34=0,"",B38/B$34) | I38: =IF(C$34=0,"",C38/C$34) | J38: =IF(D$34=0,"",D38/D$34) | K38: =IF(E$34=0,"",E38/E$34) | L38: =IF(F$34=0,"",F38/F$34) | M38: =IF(COUNT(H38:K38)<2,"",MAX(H38:K38)-MIN(H38:K38)) | N38: Q3 | O38: =IF(M38="","",M38+ROW()/1000000000) | P38: =IF(M38="","",INDEX($A$5:$A$8,MATCH(MAX(H38:K38),H38:K38,0))) | Q38: =IF(M38="","",INDEX($A$5:$A$8,MATCH(MIN(H38:K38),H38:K38,0)))
A39: Daily | B39: =COUNTIFS(Responses!$D$2:$D$1000,$A39,Responses!$B$2:$B$1000,$A$5) -> 0 | C39: =COUNTIFS(Responses!$D$2:$D$1000,$A39,Responses!$B$2:$B$1000,$A$6) -> 0 | D39: =COUNTIFS(Responses!$D$2:$D$1000,$A39,Responses!$B$2:$B$1000,$A$7) -> 0 | E39: =COUNTIFS(Responses!$D$2:$D$1000,$A39,Responses!$B$2:$B$1000,$A$8) -> 0 | F39: =COUNTIF(Responses!$D$2:$D$1000,$A39) -> 0 | H39: =IF(B$34=0,"",B39/B$34) | I39: =IF(C$34=0,"",C39/C$34) | J39: =IF(D$34=0,"",D39/D$34) | K39: =IF(E$34=0,"",E39/E$34) | L39: =IF(F$34=0,"",F39/F$34) | M39: =IF(COUNT(H39:K39)<2,"",MAX(H39:K39)-MIN(H39:K39)) | N39: Q3 | O39: =IF(M39="","",M39+ROW()/1000000000) | P39: =IF(M39="","",INDEX($A$5:$A$8,MATCH(MAX(H39:K39),H39:K39,0))) | Q39: =IF(M39="","",INDEX($A$5:$A$8,MATCH(MIN(H39:K39),H39:K39,0)))
A42: Q4. Which tasks do you use AI tools for? Select all that apply.
A43: Base = respondents in the group who answered the question | B43: Count | H43: Column % (within group) | M43: Gap (max - min)
B44: =$A$5 -> 18 to 24 | C44: =$A$6 -> 25 to 34 | D44: =$A$7 -> 35 to 44 | E44: =$A$8 -> 45 or older | F44: All | H44: =$A$5 -> 18 to 24 | I44: =$A$6 -> 25 to 34 | J44: =$A$7 -> 35 to 44 | K44: =$A$8 -> 45 or older | L44: All
A45: Base (n answering) | B45: =COUNTIFS(Responses!$B$2:$B$1000,$A$5,Responses!$E$2:$E$1000,"<>") -> 0 | C45: =COUNTIFS(Responses!$B$2:$B$1000,$A$6,Responses!$E$2:$E$1000,"<>") -> 0 | D45: =COUNTIFS(Responses!$B$2:$B$1000,$A$7,Responses!$E$2:$E$1000,"<>") -> 0 | E45: =COUNTIFS(Responses!$B$2:$B$1000,$A$8,Responses!$E$2:$E$1000,"<>") -> 0 | F45: =COUNTA(Responses!$E$2:$E$1000) -> 0
A46: Writing or editing | B46: =COUNTIFS(Responses!$E$2:$E$1000,"*"&$A46&"*",Responses!$B$2:$B$1000,$A$5) -> 0 | C46: =COUNTIFS(Responses!$E$2:$E$1000,"*"&$A46&"*",Responses!$B$2:$B$1000,$A$6) -> 0 | D46: =COUNTIFS(Responses!$E$2:$E$1000,"*"&$A46&"*",Responses!$B$2:$B$1000,$A$7) -> 0 | E46: =COUNTIFS(Responses!$E$2:$E$1000,"*"&$A46&"*",Responses!$B$2:$B$1000,$A$8) -> 0 | F46: =COUNTIF(Responses!$E$2:$E$1000,"*"&$A46&"*") -> 0 | H46: =IF(B$45=0,"",B46/B$45) | I46: =IF(C$45=0,"",C46/C$45) | J46: =IF(D$45=0,"",D46/D$45) | K46: =IF(E$45=0,"",E46/E$45) | L46: =IF(F$45=0,"",F46/F$45) | M46: =IF(COUNT(H46:K46)<2,"",MAX(H46:K46)-MIN(H46:K46)) | N46: Q4 | O46: =IF(M46="","",M46+ROW()/1000000000) | P46: =IF(M46="","",INDEX($A$5:$A$8,MATCH(MAX(H46:K46),H46:K46,0))) | Q46: =IF(M46="","",INDEX($A$5:$A$8,MATCH(MIN(H46:K46),H46:K46,0)))
A47: Research or summarizing | B47: =COUNTIFS(Responses!$E$2:$E$1000,"*"&$A47&"*",Responses!$B$2:$B$1000,$A$5) -> 0 | C47: =COUNTIFS(Responses!$E$2:$E$1000,"*"&$A47&"*",Responses!$B$2:$B$1000,$A$6) -> 0 | D47: =COUNTIFS(Responses!$E$2:$E$1000,"*"&$A47&"*",Responses!$B$2:$B$1000,$A$7) -> 0 | E47: =COUNTIFS(Responses!$E$2:$E$1000,"*"&$A47&"*",Responses!$B$2:$B$1000,$A$8) -> 0 | F47: =COUNTIF(Responses!$E$2:$E$1000,"*"&$A47&"*") -> 0 | H47: =IF(B$45=0,"",B47/B$45) | I47: =IF(C$45=0,"",C47/C$45) | J47: =IF(D$45=0,"",D47/D$45) | K47: =IF(E$45=0,"",E47/E$45) | L47: =IF(F$45=0,"",F47/F$45) | M47: =IF(COUNT(H47:K47)<2,"",MAX(H47:K47)-MIN(H47:K47)) | N47: Q4 | O47: =IF(M47="","",M47+ROW()/1000000000) | P47: =IF(M47="","",INDEX($A$5:$A$8,MATCH(MAX(H47:K47),H47:K47,0))) | Q47: =IF(M47="","",INDEX($A$5:$A$8,MATCH(MIN(H47:K47),H47:K47,0)))
A48: Brainstorming ideas | B48: =COUNTIFS(Responses!$E$2:$E$1000,"*"&$A48&"*",Responses!$B$2:$B$1000,$A$5) -> 0 | C48: =COUNTIFS(Responses!$E$2:$E$1000,"*"&$A48&"*",Responses!$B$2:$B$1000,$A$6) -> 0 | D48: =COUNTIFS(Responses!$E$2:$E$1000,"*"&$A48&"*",Responses!$B$2:$B$1000,$A$7) -> 0 | E48: =COUNTIFS(Responses!$E$2:$E$1000,"*"&$A48&"*",Responses!$B$2:$B$1000,$A$8) -> 0 | F48: =COUNTIF(Responses!$E$2:$E$1000,"*"&$A48&"*") -> 0 | H48: =IF(B$45=0,"",B48/B$45) | I48: =IF(C$45=0,"",C48/C$45) | J48: =IF(D$45=0,"",D48/D$45) | K48: =IF(E$45=0,"",E48/E$45) | L48: =IF(F$45=0,"",F48/F$45) | M48: =IF(COUNT(H48:K48)<2,"",MAX(H48:K48)-MIN(H48:K48)) | N48: Q4 | O48: =IF(M48="","",M48+ROW()/1000000000) | P48: =IF(M48="","",INDEX($A$5:$A$8,MATCH(MAX(H48:K48),H48:K48,0))) | Q48: =IF(M48="","",INDEX($A$5:$A$8,MATCH(MIN(H48:K48),H48:K48,0)))
A49: Analyzing data or spreadsheets | B49: =COUNTIFS(Responses!$E$2:$E$1000,"*"&$A49&"*",Responses!$B$2:$B$1000,$A$5) -> 0 | C49: =COUNTIFS(Responses!$E$2:$E$1000,"*"&$A49&"*",Responses!$B$2:$B$1000,$A$6) -> 0 | D49: =COUNTIFS(Responses!$E$2:$E$1000,"*"&$A49&"*",Responses!$B$2:$B$1000,$A$7) -> 0 | E49: =COUNTIFS(Responses!$E$2:$E$1000,"*"&$A49&"*",Responses!$B$2:$B$1000,$A$8) -> 0 | F49: =COUNTIF(Responses!$E$2:$E$1000,"*"&$A49&"*") -> 0 | H49: =IF(B$45=0,"",B49/B$45) | I49: =IF(C$45=0,"",C49/C$45) | J49: =IF(D$45=0,"",D49/D$45) | K49: =IF(E$45=0,"",E49/E$45) | L49: =IF(F$45=0,"",F49/F$45) | M49: =IF(COUNT(H49:K49)<2,"",MAX(H49:K49)-MIN(H49:K49)) | N49: Q4 | O49: =IF(M49="","",M49+ROW()/1000000000) | P49: =IF(M49="","",INDEX($A$5:$A$8,MATCH(MAX(H49:K49),H49:K49,0))) | Q49: =IF(M49="","",INDEX($A$5:$A$8,MATCH(MIN(H49:K49),H49:K49,0)))
A50: Coding or technical help | B50: =COUNTIFS(Responses!$E$2:$E$1000,"*"&$A50&"*",Responses!$B$2:$B$1000,$A$5) -> 0 | C50: =COUNTIFS(Responses!$E$2:$E$1000,"*"&$A50&"*",Responses!$B$2:$B$1000,$A$6) -> 0 | D50: =COUNTIFS(Responses!$E$2:$E$1000,"*"&$A50&"*",Responses!$B$2:$B$1000,$A$7) -> 0 | E50: =COUNTIFS(Responses!$E$2:$E$1000,"*"&$A50&"*",Responses!$B$2:$B$1000,$A$8) -> 0 | F50: =COUNTIF(Responses!$E$2:$E$1000,"*"&$A50&"*") -> 0 | H50: =IF(B$45=0,"",B50/B$45) | I50: =IF(C$45=0,"",C50/C$45) | J50: =IF(D$45=0,"",D50/D$45) | K50: =IF(E$45=0,"",E50/E$45) | L50: =IF(F$45=0,"",F50/F$45) | M50: =IF(COUNT(H50:K50)<2,"",MAX(H50:K50)-MIN(H50:K50)) | N50: Q4 | O50: =IF(M50="","",M50+ROW()/1000000000) | P50: =IF(M50="","",INDEX($A$5:$A$8,MATCH(MAX(H50:K50),H50:K50,0))) | Q50: =IF(M50="","",INDEX($A$5:$A$8,MATCH(MIN(H50:K50),H50:K50,0)))
A51: Translation or language support | B51: =COUNTIFS(Responses!$E$2:$E$1000,"*"&$A51&"*",Responses!$B$2:$B$1000,$A$5) -> 0 | C51: =COUNTIFS(Responses!$E$2:$E$1000,"*"&$A51&"*",Responses!$B$2:$B$1000,$A$6) -> 0 | D51: =COUNTIFS(Responses!$E$2:$E$1000,"*"&$A51&"*",Responses!$B$2:$B$1000,$A$7) -> 0 | E51: =COUNTIFS(Responses!$E$2:$E$1000,"*"&$A51&"*",Responses!$B$2:$B$1000,$A$8) -> 0 | F51: =COUNTIF(Responses!$E$2:$E$1000,"*"&$A51&"*") -> 0 | H51: =IF(B$45=0,"",B51/B$45) | I51: =IF(C$45=0,"",C51/C$45) | J51: =IF(D$45=0,"",D51/D$45) | K51: =IF(E$45=0,"",E51/E$45) | L51: =IF(F$45=0,"",F51/F$45) | M51: =IF(COUNT(H51:K51)<2,"",MAX(H51:K51)-MIN(H51:K51)) | N51: Q4 | O51: =IF(M51="","",M51+ROW()/1000000000) | P51: =IF(M51="","",INDEX($A$5:$A$8,MATCH(MAX(H51:K51),H51:K51,0))) | Q51: =IF(M51="","",INDEX($A$5:$A$8,MATCH(MIN(H51:K51),H51:K51,0)))
A52: Scheduling or admin tasks | B52: =COUNTIFS(Responses!$E$2:$E$1000,"*"&$A52&"*",Responses!$B$2:$B$1000,$A$5) -> 0 | C52: =COUNTIFS(Responses!$E$2:$E$1000,"*"&$A52&"*",Responses!$B$2:$B$1000,$A$6) -> 0 | D52: =COUNTIFS(Responses!$E$2:$E$1000,"*"&$A52&"*",Responses!$B$2:$B$1000,$A$7) -> 0 | E52: =COUNTIFS(Responses!$E$2:$E$1000,"*"&$A52&"*",Responses!$B$2:$B$1000,$A$8) -> 0 | F52: =COUNTIF(Responses!$E$2:$E$1000,"*"&$A52&"*") -> 0 | H52: =IF(B$45=0,"",B52/B$45) | I52: =IF(C$45=0,"",C52/C$45) | J52: =IF(D$45=0,"",D52/D$45) | K52: =IF(E$45=0,"",E52/E$45) | L52: =IF(F$45=0,"",F52/F$45) | M52: =IF(COUNT(H52:K52)<2,"",MAX(H52:K52)-MIN(H52:K52)) | N52: Q4 | O52: =IF(M52="","",M52+ROW()/1000000000) | P52: =IF(M52="","",INDEX($A$5:$A$8,MATCH(MAX(H52:K52),H52:K52,0))) | Q52: =IF(M52="","",INDEX($A$5:$A$8,MATCH(MIN(H52:K52),H52:K52,0)))
A55: Q5. On average, about how much time per week do AI tools save you?
A56: Base = respondents in the group who answered the question | B56: Count | H56: Column % (within group) | M56: Gap (max - min)
B57: =$A$5 -> 18 to 24 | C57: =$A$6 -> 25 to 34 | D57: =$A$7 -> 35 to 44 | E57: =$A$8 -> 45 or older | F57: All | H57: =$A$5 -> 18 to 24 | I57: =$A$6 -> 25 to 34 | J57: =$A$7 -> 35 to 44 | K57: =$A$8 -> 45 or older | L57: All
A58: Base (n answering) | B58: =COUNTIFS(Responses!$B$2:$B$1000,$A$5,Responses!$F$2:$F$1000,"<>") -> 0 | C58: =COUNTIFS(Responses!$B$2:$B$1000,$A$6,Responses!$F$2:$F$1000,"<>") -> 0 | D58: =COUNTIFS(Responses!$B$2:$B$1000,$A$7,Responses!$F$2:$F$1000,"<>") -> 0 | E58: =COUNTIFS(Responses!$B$2:$B$1000,$A$8,Responses!$F$2:$F$1000,"<>") -> 0 | F58: =COUNTA(Responses!$F$2:$F$1000) -> 0
A59: None - no time saved | B59: =COUNTIFS(Responses!$F$2:$F$1000,$A59,Responses!$B$2:$B$1000,$A$5) -> 0 | C59: =COUNTIFS(Responses!$F$2:$F$1000,$A59,Responses!$B$2:$B$1000,$A$6) -> 0 | D59: =COUNTIFS(Responses!$F$2:$F$1000,$A59,Responses!$B$2:$B$1000,$A$7) -> 0 | E59: =COUNTIFS(Responses!$F$2:$F$1000,$A59,Responses!$B$2:$B$1000,$A$8) -> 0 | F59: =COUNTIF(Responses!$F$2:$F$1000,$A59) -> 0 | H59: =IF(B$58=0,"",B59/B$58) | I59: =IF(C$58=0,"",C59/C$58) | J59: =IF(D$58=0,"",D59/D$58) | K59: =IF(E$58=0,"",E59/E$58) | L59: =IF(F$58=0,"",F59/F$58) | M59: =IF(COUNT(H59:K59)<2,"",MAX(H59:K59)-MIN(H59:K59)) | N59: Q5 | O59: =IF(M59="","",M59+ROW()/1000000000) | P59: =IF(M59="","",INDEX($A$5:$A$8,MATCH(MAX(H59:K59),H59:K59,0))) | Q59: =IF(M59="","",INDEX($A$5:$A$8,MATCH(MIN(H59:K59),H59:K59,0)))
A60: Less than 1 hour | B60: =COUNTIFS(Responses!$F$2:$F$1000,$A60,Responses!$B$2:$B$1000,$A$5) -> 0 | C60: =COUNTIFS(Responses!$F$2:$F$1000,$A60,Responses!$B$2:$B$1000,$A$6) -> 0 | D60: =COUNTIFS(Responses!$F$2:$F$1000,$A60,Responses!$B$2:$B$1000,$A$7) -> 0 | E60: =COUNTIFS(Responses!$F$2:$F$1000,$A60,Responses!$B$2:$B$1000,$A$8) -> 0 | F60: =COUNTIF(Responses!$F$2:$F$1000,$A60) -> 0 | H60: =IF(B$58=0,"",B60/B$58) | I60: =IF(C$58=0,"",C60/C$58) | J60: =IF(D$58=0,"",D60/D$58) | K60: =IF(E$58=0,"",E60/E$58) | L60: =IF(F$58=0,"",F60/F$58) | M60: =IF(COUNT(H60:K60)<2,"",MAX(H60:K60)-MIN(H60:K60)) | N60: Q5 | O60: =IF(M60="","",M60+ROW()/1000000000) | P60: =IF(M60="","",INDEX($A$5:$A$8,MATCH(MAX(H60:K60),H60:K60,0))) | Q60: =IF(M60="","",INDEX($A$5:$A$8,MATCH(MIN(H60:K60),H60:K60,0)))
A61: 1 to 3 hours | B61: =COUNTIFS(Responses!$F$2:$F$1000,$A61,Responses!$B$2:$B$1000,$A$5) -> 0 | C61: =COUNTIFS(Responses!$F$2:$F$1000,$A61,Responses!$B$2:$B$1000,$A$6) -> 0 | D61: =COUNTIFS(Responses!$F$2:$F$1000,$A61,Responses!$B$2:$B$1000,$A$7) -> 0 | E61: =COUNTIFS(Responses!$F$2:$F$1000,$A61,Responses!$B$2:$B$1000,$A$8) -> 0 | F61: =COUNTIF(Responses!$F$2:$F$1000,$A61) -> 0 | H61: =IF(B$58=0,"",B61/B$58) | I61: =IF(C$58=0,"",C61/C$58) | J61: =IF(D$58=0,"",D61/D$58) | K61: =IF(E$58=0,"",E61/E$58) | L61: =IF(F$58=0,"",F61/F$58) | M61: =IF(COUNT(H61:K61)<2,"",MAX(H61:K61)-MIN(H61:K61)) | N61: Q5 | O61: =IF(M61="","",M61+ROW()/1000000000) | P61: =IF(M61="","",INDEX($A$5:$A$8,MATCH(MAX(H61:K61),H61:K61,0))) | Q61: =IF(M61="","",INDEX($A$5:$A$8,MATCH(MIN(H61:K61),H61:K61,0)))
A62: 4 to 6 hours | B62: =COUNTIFS(Responses!$F$2:$F$1000,$A62,Responses!$B$2:$B$1000,$A$5) -> 0 | C62: =COUNTIFS(Responses!$F$2:$F$1000,$A62,Responses!$B$2:$B$1000,$A$6) -> 0 | D62: =COUNTIFS(Responses!$F$2:$F$1000,$A62,Responses!$B$2:$B$1000,$A$7) -> 0 | E62: =COUNTIFS(Responses!$F$2:$F$1000,$A62,Responses!$B$2:$B$1000,$A$8) -> 0 | F62: =COUNTIF(Responses!$F$2:$F$1000,$A62) -> 0 | H62: =IF(B$58=0,"",B62/B$58) | I62: =IF(C$58=0,"",C62/C$58) | J62: =IF(D$58=0,"",D62/D$58) | K62: =IF(E$58=0,"",E62/E$58) | L62: =IF(F$58=0,"",F62/F$58) | M62: =IF(COUNT(H62:K62)<2,"",MAX(H62:K62)-MIN(H62:K62)) | N62: Q5 | O62: =IF(M62="","",M62+ROW()/1000000000) | P62: =IF(M62="","",INDEX($A$5:$A$8,MATCH(MAX(H62:K62),H62:K62,0))) | Q62: =IF(M62="","",INDEX($A$5:$A$8,MATCH(MIN(H62:K62),H62:K62,0)))
A63: 7 or more hours | B63: =COUNTIFS(Responses!$F$2:$F$1000,$A63,Responses!$B$2:$B$1000,$A$5) -> 0 | C63: =COUNTIFS(Responses!$F$2:$F$1000,$A63,Responses!$B$2:$B$1000,$A$6) -> 0 | D63: =COUNTIFS(Responses!$F$2:$F$1000,$A63,Responses!$B$2:$B$1000,$A$7) -> 0 | E63: =COUNTIFS(Responses!$F$2:$F$1000,$A63,Responses!$B$2:$B$1000,$A$8) -> 0 | F63: =COUNTIF(Responses!$F$2:$F$1000,$A63) -> 0 | H63: =IF(B$58=0,"",B63/B$58) | I63: =IF(C$58=0,"",C63/C$58) | J63: =IF(D$58=0,"",D63/D$58) | K63: =IF(E$58=0,"",E63/E$58) | L63: =IF(F$58=0,"",F63/F$58) | M63: =IF(COUNT(H63:K63)<2,"",MAX(H63:K63)-MIN(H63:K63)) | N63: Q5 | O63: =IF(M63="","",M63+ROW()/1000000000) | P63: =IF(M63="","",INDEX($A$5:$A$8,MATCH(MAX(H63:K63),H63:K63,0))) | Q63: =IF(M63="","",INDEX($A$5:$A$8,MATCH(MIN(H63:K63),H63:K63,0)))
A66: Q6. How much do you agree with each statement about your own use of AI tools?
A67: Base = respondents in the group who answered the question | B67: Count | H67: Column % (within group) | M67: Gap (max - min)
B68: =$A$5 -> 18 to 24 | C68: =$A$6 -> 25 to 34 | D68: =$A$7 -> 35 to 44 | E68: =$A$8 -> 45 or older | F68: All | H68: =$A$5 -> 18 to 24 | I68: =$A$6 -> 25 to 34 | J68: =$A$7 -> 35 to 44 | K68: =$A$8 -> 45 or older | L68: All
A69: Base (n answering) | B69: =COUNTIFS(Responses!$B$2:$B$1000,$A$5,Responses!$G$2:$G$1000,"<>") -> 0 | C69: =COUNTIFS(Responses!$B$2:$B$1000,$A$6,Responses!$G$2:$G$1000,"<>") -> 0 | D69: =COUNTIFS(Responses!$B$2:$B$1000,$A$7,Responses!$G$2:$G$1000,"<>") -> 0 | E69: =COUNTIFS(Responses!$B$2:$B$1000,$A$8,Responses!$G$2:$G$1000,"<>") -> 0 | F69: =COUNTA(Responses!$G$2:$G$1000) -> 0
A70: % agree or strongly agree: AI tools help me complete tasks faster. | B70: =COUNTIFS(Responses!$G$2:$G$1000,"Agree",Responses!$B$2:$B$1000,$A$5)+COUNTIFS(Responses!$G$2:$G$1000,"Strongly agree",Responses!$B$2:$B$1000,$A$5) -> 0 | C70: =COUNTIFS(Responses!$G$2:$G$1000,"Agree",Responses!$B$2:$B$1000,$A$6)+COUNTIFS(Responses!$G$2:$G$1000,"Strongly agree",Responses!$B$2:$B$1000,$A$6) -> 0 | D70: =COUNTIFS(Responses!$G$2:$G$1000,"Agree",Responses!$B$2:$B$1000,$A$7)+COUNTIFS(Responses!$G$2:$G$1000,"Strongly agree",Responses!$B$2:$B$1000,$A$7) -> 0 | E70: =COUNTIFS(Responses!$G$2:$G$1000,"Agree",Responses!$B$2:$B$1000,$A$8)+COUNTIFS(Responses!$G$2:$G$1000,"Strongly agree",Responses!$B$2:$B$1000,$A$8) -> 0 | F70: =COUNTIF(Responses!$G$2:$G$1000,"Agree")+COUNTIF(Responses!$G$2:$G$1000,"Strongly agree") -> 0 | H70: =IF(B$69=0,"",B70/B$69) | I70: =IF(C$69=0,"",C70/C$69) | J70: =IF(D$69=0,"",D70/D$69) | K70: =IF(E$69=0,"",E70/E$69) | L70: =IF(F$69=0,"",F70/F$69) | M70: =IF(COUNT(H70:K70)<2,"",MAX(H70:K70)-MIN(H70:K70)) | N70: Q6 | O70: =IF(M70="","",M70+ROW()/1000000000) | P70: =IF(M70="","",INDEX($A$5:$A$8,MATCH(MAX(H70:K70),H70:K70,0))) | Q70: =IF(M70="","",INDEX($A$5:$A$8,MATCH(MIN(H70:K70),H70:K70,0)))
A71: % agree or strongly agree: AI tools improve the quality of my work. | B71: =COUNTIFS(Responses!$H$2:$H$1000,"Agree",Responses!$B$2:$B$1000,$A$5)+COUNTIFS(Responses!$H$2:$H$1000,"Strongly agree",Responses!$B$2:$B$1000,$A$5) -> 0 | C71: =COUNTIFS(Responses!$H$2:$H$1000,"Agree",Responses!$B$2:$B$1000,$A$6)+COUNTIFS(Responses!$H$2:$H$1000,"Strongly agree",Responses!$B$2:$B$1000,$A$6) -> 0 | D71: =COUNTIFS(Responses!$H$2:$H$1000,"Agree",Responses!$B$2:$B$1000,$A$7)+COUNTIFS(Responses!$H$2:$H$1000,"Strongly agree",Responses!$B$2:$B$1000,$A$7) -> 0 | E71: =COUNTIFS(Responses!$H$2:$H$1000,"Agree",Responses!$B$2:$B$1000,$A$8)+COUNTIFS(Responses!$H$2:$H$1000,"Strongly agree",Responses!$B$2:$B$1000,$A$8) -> 0 | F71: =COUNTIF(Responses!$H$2:$H$1000,"Agree")+COUNTIF(Responses!$H$2:$H$1000,"Strongly agree") -> 0 | H71: =IF(B$69=0,"",B71/B$69) | I71: =IF(C$69=0,"",C71/C$69) | J71: =IF(D$69=0,"",D71/D$69) | K71: =IF(E$69=0,"",E71/E$69) | L71: =IF(F$69=0,"",F71/F$69) | M71: =IF(COUNT(H71:K71)<2,"",MAX(H71:K71)-MIN(H71:K71)) | N71: Q6 | O71: =IF(M71="","",M71+ROW()/1000000000) | P71: =IF(M71="","",INDEX($A$5:$A$8,MATCH(MAX(H71:K71),H71:K71,0))) | Q71: =IF(M71="","",INDEX($A$5:$A$8,MATCH(MIN(H71:K71),H71:K71,0)))
A72: % agree or strongly agree: I always check AI-generated output before I use it. | B72: =COUNTIFS(Responses!$I$2:$I$1000,"Agree",Responses!$B$2:$B$1000,$A$5)+COUNTIFS(Responses!$I$2:$I$1000,"Strongly agree",Responses!$B$2:$B$1000,$A$5) -> 0 | C72: =COUNTIFS(Responses!$I$2:$I$1000,"Agree",Responses!$B$2:$B$1000,$A$6)+COUNTIFS(Responses!$I$2:$I$1000,"Strongly agree",Responses!$B$2:$B$1000,$A$6) -> 0 | D72: =COUNTIFS(Responses!$I$2:$I$1000,"Agree",Responses!$B$2:$B$1000,$A$7)+COUNTIFS(Responses!$I$2:$I$1000,"Strongly agree",Responses!$B$2:$B$1000,$A$7) -> 0 | E72: =COUNTIFS(Responses!$I$2:$I$1000,"Agree",Responses!$B$2:$B$1000,$A$8)+COUNTIFS(Responses!$I$2:$I$1000,"Strongly agree",Responses!$B$2:$B$1000,$A$8) -> 0 | F72: =COUNTIF(Responses!$I$2:$I$1000,"Agree")+COUNTIF(Responses!$I$2:$I$1000,"Strongly agree") -> 0 | H72: =IF(B$69=0,"",B72/B$69) | I72: =IF(C$69=0,"",C72/C$69) | J72: =IF(D$69=0,"",D72/D$69) | K72: =IF(E$69=0,"",E72/E$69) | L72: =IF(F$69=0,"",F72/F$69) | M72: =IF(COUNT(H72:K72)<2,"",MAX(H72:K72)-MIN(H72:K72)) | N72: Q6 | O72: =IF(M72="","",M72+ROW()/1000000000) | P72: =IF(M72="","",INDEX($A$5:$A$8,MATCH(MAX(H72:K72),H72:K72,0))) | Q72: =IF(M72="","",INDEX($A$5:$A$8,MATCH(MIN(H72:K72),H72:K72,0)))
A75: Q7. How confident are you in your ability to use AI tools effectively?
A76: Base = respondents in the group who answered the question | B76: Count | H76: Column % (within group) | M76: Gap (max - min)
B77: =$A$5 -> 18 to 24 | C77: =$A$6 -> 25 to 34 | D77: =$A$7 -> 35 to 44 | E77: =$A$8 -> 45 or older | F77: All | H77: =$A$5 -> 18 to 24 | I77: =$A$6 -> 25 to 34 | J77: =$A$7 -> 35 to 44 | K77: =$A$8 -> 45 or older | L77: All
A78: Base (n answering) | B78: =COUNTIFS(Responses!$B$2:$B$1000,$A$5,Responses!$J$2:$J$1000,"<>") -> 0 | C78: =COUNTIFS(Responses!$B$2:$B$1000,$A$6,Responses!$J$2:$J$1000,"<>") -> 0 | D78: =COUNTIFS(Responses!$B$2:$B$1000,$A$7,Responses!$J$2:$J$1000,"<>") -> 0 | E78: =COUNTIFS(Responses!$B$2:$B$1000,$A$8,Responses!$J$2:$J$1000,"<>") -> 0 | F78: =COUNTA(Responses!$J$2:$J$1000) -> 0
A79: Rated 4 or 5 (high) | B79: =COUNTIFS(Responses!$J$2:$J$1000,">=4",Responses!$B$2:$B$1000,$A$5) -> 0 | C79: =COUNTIFS(Responses!$J$2:$J$1000,">=4",Responses!$B$2:$B$1000,$A$6) -> 0 | D79: =COUNTIFS(Responses!$J$2:$J$1000,">=4",Responses!$B$2:$B$1000,$A$7) -> 0 | E79: =COUNTIFS(Responses!$J$2:$J$1000,">=4",Responses!$B$2:$B$1000,$A$8) -> 0 | F79: =COUNTIF(Responses!$J$2:$J$1000,">=4") -> 0 | H79: =IF(B$78=0,"",B79/B$78) | I79: =IF(C$78=0,"",C79/C$78) | J79: =IF(D$78=0,"",D79/D$78) | K79: =IF(E$78=0,"",E79/E$78) | L79: =IF(F$78=0,"",F79/F$78) | M79: =IF(COUNT(H79:K79)<2,"",MAX(H79:K79)-MIN(H79:K79)) | N79: Q7 | O79: =IF(M79="","",M79+ROW()/1000000000) | P79: =IF(M79="","",INDEX($A$5:$A$8,MATCH(MAX(H79:K79),H79:K79,0))) | Q79: =IF(M79="","",INDEX($A$5:$A$8,MATCH(MIN(H79:K79),H79:K79,0)))
A80: Mean rating (1 to 5) | H80: =IFERROR(AVERAGEIFS(Responses!$J$2:$J$1000,Responses!$B$2:$B$1000,$A$5),"") | I80: =IFERROR(AVERAGEIFS(Responses!$J$2:$J$1000,Responses!$B$2:$B$1000,$A$6),"") | J80: =IFERROR(AVERAGEIFS(Responses!$J$2:$J$1000,Responses!$B$2:$B$1000,$A$7),"") | K80: =IFERROR(AVERAGEIFS(Responses!$J$2:$J$1000,Responses!$B$2:$B$1000,$A$8),"") | L80: =IFERROR(AVERAGE(Responses!$J$2:$J$1000),"") | M80: =IF(COUNT(H80:K80)<2,"",MAX(H80:K80)-MIN(H80:K80))
A83: Q8. Which best describes the guidance you have received about using AI tools from your employer or school?
A84: Base = respondents in the group who answered the question | B84: Count | H84: Column % (within group) | M84: Gap (max - min)
B85: =$A$5 -> 18 to 24 | C85: =$A$6 -> 25 to 34 | D85: =$A$7 -> 35 to 44 | E85: =$A$8 -> 45 or older | F85: All | H85: =$A$5 -> 18 to 24 | I85: =$A$6 -> 25 to 34 | J85: =$A$7 -> 35 to 44 | K85: =$A$8 -> 45 or older | L85: All
A86: Base (n answering) | B86: =COUNTIFS(Responses!$B$2:$B$1000,$A$5,Responses!$K$2:$K$1000,"<>") -> 0 | C86: =COUNTIFS(Responses!$B$2:$B$1000,$A$6,Responses!$K$2:$K$1000,"<>") -> 0 | D86: =COUNTIFS(Responses!$B$2:$B$1000,$A$7,Responses!$K$2:$K$1000,"<>") -> 0 | E86: =COUNTIFS(Responses!$B$2:$B$1000,$A$8,Responses!$K$2:$K$1000,"<>") -> 0 | F86: =COUNTA(Responses!$K$2:$K$1000) -> 0
A87: Formal training | B87: =COUNTIFS(Responses!$K$2:$K$1000,$A87,Responses!$B$2:$B$1000,$A$5) -> 0 | C87: =COUNTIFS(Responses!$K$2:$K$1000,$A87,Responses!$B$2:$B$1000,$A$6) -> 0 | D87: =COUNTIFS(Responses!$K$2:$K$1000,$A87,Responses!$B$2:$B$1000,$A$7) -> 0 | E87: =COUNTIFS(Responses!$K$2:$K$1000,$A87,Responses!$B$2:$B$1000,$A$8) -> 0 | F87: =COUNTIF(Responses!$K$2:$K$1000,$A87) -> 0 | H87: =IF(B$86=0,"",B87/B$86) | I87: =IF(C$86=0,"",C87/C$86) | J87: =IF(D$86=0,"",D87/D$86) | K87: =IF(E$86=0,"",E87/E$86) | L87: =IF(F$86=0,"",F87/F$86) | M87: =IF(COUNT(H87:K87)<2,"",MAX(H87:K87)-MIN(H87:K87)) | N87: Q8 | O87: =IF(M87="","",M87+ROW()/1000000000) | P87: =IF(M87="","",INDEX($A$5:$A$8,MATCH(MAX(H87:K87),H87:K87,0))) | Q87: =IF(M87="","",INDEX($A$5:$A$8,MATCH(MIN(H87:K87),H87:K87,0)))
A88: Written policy or guidelines only | B88: =COUNTIFS(Responses!$K$2:$K$1000,$A88,Responses!$B$2:$B$1000,$A$5) -> 0 | C88: =COUNTIFS(Responses!$K$2:$K$1000,$A88,Responses!$B$2:$B$1000,$A$6) -> 0 | D88: =COUNTIFS(Responses!$K$2:$K$1000,$A88,Responses!$B$2:$B$1000,$A$7) -> 0 | E88: =COUNTIFS(Responses!$K$2:$K$1000,$A88,Responses!$B$2:$B$1000,$A$8) -> 0 | F88: =COUNTIF(Responses!$K$2:$K$1000,$A88) -> 0 | H88: =IF(B$86=0,"",B88/B$86) | I88: =IF(C$86=0,"",C88/C$86) | J88: =IF(D$86=0,"",D88/D$86) | K88: =IF(E$86=0,"",E88/E$86) | L88: =IF(F$86=0,"",F88/F$86) | M88: =IF(COUNT(H88:K88)<2,"",MAX(H88:K88)-MIN(H88:K88)) | N88: Q8 | O88: =IF(M88="","",M88+ROW()/1000000000) | P88: =IF(M88="","",INDEX($A$5:$A$8,MATCH(MAX(H88:K88),H88:K88,0))) | Q88: =IF(M88="","",INDEX($A$5:$A$8,MATCH(MIN(H88:K88),H88:K88,0)))
A89: Informal advice only | B89: =COUNTIFS(Responses!$K$2:$K$1000,$A89,Responses!$B$2:$B$1000,$A$5) -> 0 | C89: =COUNTIFS(Responses!$K$2:$K$1000,$A89,Responses!$B$2:$B$1000,$A$6) -> 0 | D89: =COUNTIFS(Responses!$K$2:$K$1000,$A89,Responses!$B$2:$B$1000,$A$7) -> 0 | E89: =COUNTIFS(Responses!$K$2:$K$1000,$A89,Responses!$B$2:$B$1000,$A$8) -> 0 | F89: =COUNTIF(Responses!$K$2:$K$1000,$A89) -> 0 | H89: =IF(B$86=0,"",B89/B$86) | I89: =IF(C$86=0,"",C89/C$86) | J89: =IF(D$86=0,"",D89/D$86) | K89: =IF(E$86=0,"",E89/E$86) | L89: =IF(F$86=0,"",F89/F$86) | M89: =IF(COUNT(H89:K89)<2,"",MAX(H89:K89)-MIN(H89:K89)) | N89: Q8 | O89: =IF(M89="","",M89+ROW()/1000000000) | P89: =IF(M89="","",INDEX($A$5:$A$8,MATCH(MAX(H89:K89),H89:K89,0))) | Q89: =IF(M89="","",INDEX($A$5:$A$8,MATCH(MIN(H89:K89),H89:K89,0)))
A90: No guidance at all | B90: =COUNTIFS(Responses!$K$2:$K$1000,$A90,Responses!$B$2:$B$1000,$A$5) -> 0 | C90: =COUNTIFS(Responses!$K$2:$K$1000,$A90,Responses!$B$2:$B$1000,$A$6) -> 0 | D90: =COUNTIFS(Responses!$K$2:$K$1000,$A90,Responses!$B$2:$B$1000,$A$7) -> 0 | E90: =COUNTIFS(Responses!$K$2:$K$1000,$A90,Responses!$B$2:$B$1000,$A$8) -> 0 | F90: =COUNTIF(Responses!$K$2:$K$1000,$A90) -> 0 | H90: =IF(B$86=0,"",B90/B$86) | I90: =IF(C$86=0,"",C90/C$86) | J90: =IF(D$86=0,"",D90/D$86) | K90: =IF(E$86=0,"",E90/E$86) | L90: =IF(F$86=0,"",F90/F$86) | M90: =IF(COUNT(H90:K90)<2,"",MAX(H90:K90)-MIN(H90:K90)) | N90: Q8 | O90: =IF(M90="","",M90+ROW()/1000000000) | P90: =IF(M90="","",INDEX($A$5:$A$8,MATCH(MAX(H90:K90),H90:K90,0))) | Q90: =IF(M90="","",INDEX($A$5:$A$8,MATCH(MIN(H90:K90),H90:K90,0)))
A93: Q9. Which best describes your employer's or school's current approach to AI tools?
A94: Base = respondents in the group who answered the question | B94: Count | H94: Column % (within group) | M94: Gap (max - min)
B95: =$A$5 -> 18 to 24 | C95: =$A$6 -> 25 to 34 | D95: =$A$7 -> 35 to 44 | E95: =$A$8 -> 45 or older | F95: All | H95: =$A$5 -> 18 to 24 | I95: =$A$6 -> 25 to 34 | J95: =$A$7 -> 35 to 44 | K95: =$A$8 -> 45 or older | L95: All
A96: Base (n answering) | B96: =COUNTIFS(Responses!$B$2:$B$1000,$A$5,Responses!$L$2:$L$1000,"<>") -> 0 | C96: =COUNTIFS(Responses!$B$2:$B$1000,$A$6,Responses!$L$2:$L$1000,"<>") -> 0 | D96: =COUNTIFS(Responses!$B$2:$B$1000,$A$7,Responses!$L$2:$L$1000,"<>") -> 0 | E96: =COUNTIFS(Responses!$B$2:$B$1000,$A$8,Responses!$L$2:$L$1000,"<>") -> 0 | F96: =COUNTA(Responses!$L$2:$L$1000) -> 0
A97: Encouraged and supported | B97: =COUNTIFS(Responses!$L$2:$L$1000,$A97,Responses!$B$2:$B$1000,$A$5) -> 0 | C97: =COUNTIFS(Responses!$L$2:$L$1000,$A97,Responses!$B$2:$B$1000,$A$6) -> 0 | D97: =COUNTIFS(Responses!$L$2:$L$1000,$A97,Responses!$B$2:$B$1000,$A$7) -> 0 | E97: =COUNTIFS(Responses!$L$2:$L$1000,$A97,Responses!$B$2:$B$1000,$A$8) -> 0 | F97: =COUNTIF(Responses!$L$2:$L$1000,$A97) -> 0 | H97: =IF(B$96=0,"",B97/B$96) | I97: =IF(C$96=0,"",C97/C$96) | J97: =IF(D$96=0,"",D97/D$96) | K97: =IF(E$96=0,"",E97/E$96) | L97: =IF(F$96=0,"",F97/F$96) | M97: =IF(COUNT(H97:K97)<2,"",MAX(H97:K97)-MIN(H97:K97)) | N97: Q9 | O97: =IF(M97="","",M97+ROW()/1000000000) | P97: =IF(M97="","",INDEX($A$5:$A$8,MATCH(MAX(H97:K97),H97:K97,0))) | Q97: =IF(M97="","",INDEX($A$5:$A$8,MATCH(MIN(H97:K97),H97:K97,0)))
A98: Allowed with rules | B98: =COUNTIFS(Responses!$L$2:$L$1000,$A98,Responses!$B$2:$B$1000,$A$5) -> 0 | C98: =COUNTIFS(Responses!$L$2:$L$1000,$A98,Responses!$B$2:$B$1000,$A$6) -> 0 | D98: =COUNTIFS(Responses!$L$2:$L$1000,$A98,Responses!$B$2:$B$1000,$A$7) -> 0 | E98: =COUNTIFS(Responses!$L$2:$L$1000,$A98,Responses!$B$2:$B$1000,$A$8) -> 0 | F98: =COUNTIF(Responses!$L$2:$L$1000,$A98) -> 0 | H98: =IF(B$96=0,"",B98/B$96) | I98: =IF(C$96=0,"",C98/C$96) | J98: =IF(D$96=0,"",D98/D$96) | K98: =IF(E$96=0,"",E98/E$96) | L98: =IF(F$96=0,"",F98/F$96) | M98: =IF(COUNT(H98:K98)<2,"",MAX(H98:K98)-MIN(H98:K98)) | N98: Q9 | O98: =IF(M98="","",M98+ROW()/1000000000) | P98: =IF(M98="","",INDEX($A$5:$A$8,MATCH(MAX(H98:K98),H98:K98,0))) | Q98: =IF(M98="","",INDEX($A$5:$A$8,MATCH(MIN(H98:K98),H98:K98,0)))
A99: Discouraged or restricted | B99: =COUNTIFS(Responses!$L$2:$L$1000,$A99,Responses!$B$2:$B$1000,$A$5) -> 0 | C99: =COUNTIFS(Responses!$L$2:$L$1000,$A99,Responses!$B$2:$B$1000,$A$6) -> 0 | D99: =COUNTIFS(Responses!$L$2:$L$1000,$A99,Responses!$B$2:$B$1000,$A$7) -> 0 | E99: =COUNTIFS(Responses!$L$2:$L$1000,$A99,Responses!$B$2:$B$1000,$A$8) -> 0 | F99: =COUNTIF(Responses!$L$2:$L$1000,$A99) -> 0 | H99: =IF(B$96=0,"",B99/B$96) | I99: =IF(C$96=0,"",C99/C$96) | J99: =IF(D$96=0,"",D99/D$96) | K99: =IF(E$96=0,"",E99/E$96) | L99: =IF(F$96=0,"",F99/F$96) | M99: =IF(COUNT(H99:K99)<2,"",MAX(H99:K99)-MIN(H99:K99)) | N99: Q9 | O99: =IF(M99="","",M99+ROW()/1000000000) | P99: =IF(M99="","",INDEX($A$5:$A$8,MATCH(MAX(H99:K99),H99:K99,0))) | Q99: =IF(M99="","",INDEX($A$5:$A$8,MATCH(MIN(H99:K99),H99:K99,0)))
A100: Banned | B100: =COUNTIFS(Responses!$L$2:$L$1000,$A100,Responses!$B$2:$B$1000,$A$5) -> 0 | C100: =COUNTIFS(Responses!$L$2:$L$1000,$A100,Responses!$B$2:$B$1000,$A$6) -> 0 | D100: =COUNTIFS(Responses!$L$2:$L$1000,$A100,Responses!$B$2:$B$1000,$A$7) -> 0 | E100: =COUNTIFS(Responses!$L$2:$L$1000,$A100,Responses!$B$2:$B$1000,$A$8) -> 0 | F100: =COUNTIF(Responses!$L$2:$L$1000,$A100) -> 0 | H100: =IF(B$96=0,"",B100/B$96) | I100: =IF(C$96=0,"",C100/C$96) | J100: =IF(D$96=0,"",D100/D$96) | K100: =IF(E$96=0,"",E100/E$96) | L100: =IF(F$96=0,"",F100/F$96) | M100: =IF(COUNT(H100:K100)<2,"",MAX(H100:K100)-MIN(H100:K100)) | N100: Q9 | O100: =IF(M100="","",M100+ROW()/1000000000) | P100: =IF(M100="","",INDEX($A$5:$A$8,MATCH(MAX(H100:K100),H100:K100,0))) | Q100: =IF(M100="","",INDEX($A$5:$A$8,MATCH(MIN(H100:K100),H100:K100,0)))
A101: Not sure or no policy | B101: =COUNTIFS(Responses!$L$2:$L$1000,$A101,Responses!$B$2:$B$1000,$A$5) -> 0 | C101: =COUNTIFS(Responses!$L$2:$L$1000,$A101,Responses!$B$2:$B$1000,$A$6) -> 0 | D101: =COUNTIFS(Responses!$L$2:$L$1000,$A101,Responses!$B$2:$B$1000,$A$7) -> 0 | E101: =COUNTIFS(Responses!$L$2:$L$1000,$A101,Responses!$B$2:$B$1000,$A$8) -> 0 | F101: =COUNTIF(Responses!$L$2:$L$1000,$A101) -> 0 | H101: =IF(B$96=0,"",B101/B$96) | I101: =IF(C$96=0,"",C101/C$96) | J101: =IF(D$96=0,"",D101/D$96) | K101: =IF(E$96=0,"",E101/E$96) | L101: =IF(F$96=0,"",F101/F$96) | M101: =IF(COUNT(H101:K101)<2,"",MAX(H101:K101)-MIN(H101:K101)) | N101: Q9 | O101: =IF(M101="","",M101+ROW()/1000000000) | P101: =IF(M101="","",INDEX($A$5:$A$8,MATCH(MAX(H101:K101),H101:K101,0))) | Q101: =IF(M101="","",INDEX($A$5:$A$8,MATCH(MIN(H101:K101),H101:K101,0)))
A104: Q10. What are the biggest barriers to using AI tools (more) in your work or study? Select up to 3.
A105: Base = respondents in the group who answered the question | B105: Count | H105: Column % (within group) | M105: Gap (max - min)
B106: =$A$5 -> 18 to 24 | C106: =$A$6 -> 25 to 34 | D106: =$A$7 -> 35 to 44 | E106: =$A$8 -> 45 or older | F106: All | H106: =$A$5 -> 18 to 24 | I106: =$A$6 -> 25 to 34 | J106: =$A$7 -> 35 to 44 | K106: =$A$8 -> 45 or older | L106: All
A107: Base (n answering) | B107: =COUNTIFS(Responses!$B$2:$B$1000,$A$5,Responses!$M$2:$M$1000,"<>") -> 0 | C107: =COUNTIFS(Responses!$B$2:$B$1000,$A$6,Responses!$M$2:$M$1000,"<>") -> 0 | D107: =COUNTIFS(Responses!$B$2:$B$1000,$A$7,Responses!$M$2:$M$1000,"<>") -> 0 | E107: =COUNTIFS(Responses!$B$2:$B$1000,$A$8,Responses!$M$2:$M$1000,"<>") -> 0 | F107: =COUNTA(Responses!$M$2:$M$1000) -> 0
A108: Concerns about accuracy | B108: =COUNTIFS(Responses!$M$2:$M$1000,"*"&$A108&"*",Responses!$B$2:$B$1000,$A$5) -> 0 | C108: =COUNTIFS(Responses!$M$2:$M$1000,"*"&$A108&"*",Responses!$B$2:$B$1000,$A$6) -> 0 | D108: =COUNTIFS(Responses!$M$2:$M$1000,"*"&$A108&"*",Responses!$B$2:$B$1000,$A$7) -> 0 | E108: =COUNTIFS(Responses!$M$2:$M$1000,"*"&$A108&"*",Responses!$B$2:$B$1000,$A$8) -> 0 | F108: =COUNTIF(Responses!$M$2:$M$1000,"*"&$A108&"*") -> 0 | H108: =IF(B$107=0,"",B108/B$107) | I108: =IF(C$107=0,"",C108/C$107) | J108: =IF(D$107=0,"",D108/D$107) | K108: =IF(E$107=0,"",E108/E$107) | L108: =IF(F$107=0,"",F108/F$107) | M108: =IF(COUNT(H108:K108)<2,"",MAX(H108:K108)-MIN(H108:K108)) | N108: Q10 | O108: =IF(M108="","",M108+ROW()/1000000000) | P108: =IF(M108="","",INDEX($A$5:$A$8,MATCH(MAX(H108:K108),H108:K108,0))) | Q108: =IF(M108="","",INDEX($A$5:$A$8,MATCH(MIN(H108:K108),H108:K108,0)))
A109: Data privacy or confidentiality concerns | B109: =COUNTIFS(Responses!$M$2:$M$1000,"*"&$A109&"*",Responses!$B$2:$B$1000,$A$5) -> 0 | C109: =COUNTIFS(Responses!$M$2:$M$1000,"*"&$A109&"*",Responses!$B$2:$B$1000,$A$6) -> 0 | D109: =COUNTIFS(Responses!$M$2:$M$1000,"*"&$A109&"*",Responses!$B$2:$B$1000,$A$7) -> 0 | E109: =COUNTIFS(Responses!$M$2:$M$1000,"*"&$A109&"*",Responses!$B$2:$B$1000,$A$8) -> 0 | F109: =COUNTIF(Responses!$M$2:$M$1000,"*"&$A109&"*") -> 0 | H109: =IF(B$107=0,"",B109/B$107) | I109: =IF(C$107=0,"",C109/C$107) | J109: =IF(D$107=0,"",D109/D$107) | K109: =IF(E$107=0,"",E109/E$107) | L109: =IF(F$107=0,"",F109/F$107) | M109: =IF(COUNT(H109:K109)<2,"",MAX(H109:K109)-MIN(H109:K109)) | N109: Q10 | O109: =IF(M109="","",M109+ROW()/1000000000) | P109: =IF(M109="","",INDEX($A$5:$A$8,MATCH(MAX(H109:K109),H109:K109,0))) | Q109: =IF(M109="","",INDEX($A$5:$A$8,MATCH(MIN(H109:K109),H109:K109,0)))
A110: Rules or policy restrictions | B110: =COUNTIFS(Responses!$M$2:$M$1000,"*"&$A110&"*",Responses!$B$2:$B$1000,$A$5) -> 0 | C110: =COUNTIFS(Responses!$M$2:$M$1000,"*"&$A110&"*",Responses!$B$2:$B$1000,$A$6) -> 0 | D110: =COUNTIFS(Responses!$M$2:$M$1000,"*"&$A110&"*",Responses!$B$2:$B$1000,$A$7) -> 0 | E110: =COUNTIFS(Responses!$M$2:$M$1000,"*"&$A110&"*",Responses!$B$2:$B$1000,$A$8) -> 0 | F110: =COUNTIF(Responses!$M$2:$M$1000,"*"&$A110&"*") -> 0 | H110: =IF(B$107=0,"",B110/B$107) | I110: =IF(C$107=0,"",C110/C$107) | J110: =IF(D$107=0,"",D110/D$107) | K110: =IF(E$107=0,"",E110/E$107) | L110: =IF(F$107=0,"",F110/F$107) | M110: =IF(COUNT(H110:K110)<2,"",MAX(H110:K110)-MIN(H110:K110)) | N110: Q10 | O110: =IF(M110="","",M110+ROW()/1000000000) | P110: =IF(M110="","",INDEX($A$5:$A$8,MATCH(MAX(H110:K110),H110:K110,0))) | Q110: =IF(M110="","",INDEX($A$5:$A$8,MATCH(MIN(H110:K110),H110:K110,0)))
A111: Lack of training or skills | B111: =COUNTIFS(Responses!$M$2:$M$1000,"*"&$A111&"*",Responses!$B$2:$B$1000,$A$5) -> 0 | C111: =COUNTIFS(Responses!$M$2:$M$1000,"*"&$A111&"*",Responses!$B$2:$B$1000,$A$6) -> 0 | D111: =COUNTIFS(Responses!$M$2:$M$1000,"*"&$A111&"*",Responses!$B$2:$B$1000,$A$7) -> 0 | E111: =COUNTIFS(Responses!$M$2:$M$1000,"*"&$A111&"*",Responses!$B$2:$B$1000,$A$8) -> 0 | F111: =COUNTIF(Responses!$M$2:$M$1000,"*"&$A111&"*") -> 0 | H111: =IF(B$107=0,"",B111/B$107) | I111: =IF(C$107=0,"",C111/C$107) | J111: =IF(D$107=0,"",D111/D$107) | K111: =IF(E$107=0,"",E111/E$107) | L111: =IF(F$107=0,"",F111/F$107) | M111: =IF(COUNT(H111:K111)<2,"",MAX(H111:K111)-MIN(H111:K111)) | N111: Q10 | O111: =IF(M111="","",M111+ROW()/1000000000) | P111: =IF(M111="","",INDEX($A$5:$A$8,MATCH(MAX(H111:K111),H111:K111,0))) | Q111: =IF(M111="","",INDEX($A$5:$A$8,MATCH(MIN(H111:K111),H111:K111,0)))
A112: Cost of tools | B112: =COUNTIFS(Responses!$M$2:$M$1000,"*"&$A112&"*",Responses!$B$2:$B$1000,$A$5) -> 0 | C112: =COUNTIFS(Responses!$M$2:$M$1000,"*"&$A112&"*",Responses!$B$2:$B$1000,$A$6) -> 0 | D112: =COUNTIFS(Responses!$M$2:$M$1000,"*"&$A112&"*",Responses!$B$2:$B$1000,$A$7) -> 0 | E112: =COUNTIFS(Responses!$M$2:$M$1000,"*"&$A112&"*",Responses!$B$2:$B$1000,$A$8) -> 0 | F112: =COUNTIF(Responses!$M$2:$M$1000,"*"&$A112&"*") -> 0 | H112: =IF(B$107=0,"",B112/B$107) | I112: =IF(C$107=0,"",C112/C$107) | J112: =IF(D$107=0,"",D112/D$107) | K112: =IF(E$107=0,"",E112/E$107) | L112: =IF(F$107=0,"",F112/F$107) | M112: =IF(COUNT(H112:K112)<2,"",MAX(H112:K112)-MIN(H112:K112)) | N112: Q10 | O112: =IF(M112="","",M112+ROW()/1000000000) | P112: =IF(M112="","",INDEX($A$5:$A$8,MATCH(MAX(H112:K112),H112:K112,0))) | Q112: =IF(M112="","",INDEX($A$5:$A$8,MATCH(MIN(H112:K112),H112:K112,0)))
A113: Academic or professional integrity concerns | B113: =COUNTIFS(Responses!$M$2:$M$1000,"*"&$A113&"*",Responses!$B$2:$B$1000,$A$5) -> 0 | C113: =COUNTIFS(Responses!$M$2:$M$1000,"*"&$A113&"*",Responses!$B$2:$B$1000,$A$6) -> 0 | D113: =COUNTIFS(Responses!$M$2:$M$1000,"*"&$A113&"*",Responses!$B$2:$B$1000,$A$7) -> 0 | E113: =COUNTIFS(Responses!$M$2:$M$1000,"*"&$A113&"*",Responses!$B$2:$B$1000,$A$8) -> 0 | F113: =COUNTIF(Responses!$M$2:$M$1000,"*"&$A113&"*") -> 0 | H113: =IF(B$107=0,"",B113/B$107) | I113: =IF(C$107=0,"",C113/C$107) | J113: =IF(D$107=0,"",D113/D$107) | K113: =IF(E$107=0,"",E113/E$107) | L113: =IF(F$107=0,"",F113/F$107) | M113: =IF(COUNT(H113:K113)<2,"",MAX(H113:K113)-MIN(H113:K113)) | N113: Q10 | O113: =IF(M113="","",M113+ROW()/1000000000) | P113: =IF(M113="","",INDEX($A$5:$A$8,MATCH(MAX(H113:K113),H113:K113,0))) | Q113: =IF(M113="","",INDEX($A$5:$A$8,MATCH(MIN(H113:K113),H113:K113,0)))
A114: I do not see a need | B114: =COUNTIFS(Responses!$M$2:$M$1000,"*"&$A114&"*",Responses!$B$2:$B$1000,$A$5) -> 0 | C114: =COUNTIFS(Responses!$M$2:$M$1000,"*"&$A114&"*",Responses!$B$2:$B$1000,$A$6) -> 0 | D114: =COUNTIFS(Responses!$M$2:$M$1000,"*"&$A114&"*",Responses!$B$2:$B$1000,$A$7) -> 0 | E114: =COUNTIFS(Responses!$M$2:$M$1000,"*"&$A114&"*",Responses!$B$2:$B$1000,$A$8) -> 0 | F114: =COUNTIF(Responses!$M$2:$M$1000,"*"&$A114&"*") -> 0 | H114: =IF(B$107=0,"",B114/B$107) | I114: =IF(C$107=0,"",C114/C$107) | J114: =IF(D$107=0,"",D114/D$107) | K114: =IF(E$107=0,"",E114/E$107) | L114: =IF(F$107=0,"",F114/F$107) | M114: =IF(COUNT(H114:K114)<2,"",MAX(H114:K114)-MIN(H114:K114)) | N114: Q10 | O114: =IF(M114="","",M114+ROW()/1000000000) | P114: =IF(M114="","",INDEX($A$5:$A$8,MATCH(MAX(H114:K114),H114:K114,0))) | Q114: =IF(M114="","",INDEX($A$5:$A$8,MATCH(MIN(H114:K114),H114:K114,0)))
A117: Q11. "AI will reduce job opportunities in my field over the next 5 years." How much do you agree?
A118: Base = respondents in the group who answered the question | B118: Count | H118: Column % (within group) | M118: Gap (max - min)
B119: =$A$5 -> 18 to 24 | C119: =$A$6 -> 25 to 34 | D119: =$A$7 -> 35 to 44 | E119: =$A$8 -> 45 or older | F119: All | H119: =$A$5 -> 18 to 24 | I119: =$A$6 -> 25 to 34 | J119: =$A$7 -> 35 to 44 | K119: =$A$8 -> 45 or older | L119: All
A120: Base (n answering) | B120: =COUNTIFS(Responses!$B$2:$B$1000,$A$5,Responses!$N$2:$N$1000,"<>") -> 0 | C120: =COUNTIFS(Responses!$B$2:$B$1000,$A$6,Responses!$N$2:$N$1000,"<>") -> 0 | D120: =COUNTIFS(Responses!$B$2:$B$1000,$A$7,Responses!$N$2:$N$1000,"<>") -> 0 | E120: =COUNTIFS(Responses!$B$2:$B$1000,$A$8,Responses!$N$2:$N$1000,"<>") -> 0 | F120: =COUNTA(Responses!$N$2:$N$1000) -> 0
A121: Rated 4 or 5 (high) | B121: =COUNTIFS(Responses!$N$2:$N$1000,">=4",Responses!$B$2:$B$1000,$A$5) -> 0 | C121: =COUNTIFS(Responses!$N$2:$N$1000,">=4",Responses!$B$2:$B$1000,$A$6) -> 0 | D121: =COUNTIFS(Responses!$N$2:$N$1000,">=4",Responses!$B$2:$B$1000,$A$7) -> 0 | E121: =COUNTIFS(Responses!$N$2:$N$1000,">=4",Responses!$B$2:$B$1000,$A$8) -> 0 | F121: =COUNTIF(Responses!$N$2:$N$1000,">=4") -> 0 | H121: =IF(B$120=0,"",B121/B$120) | I121: =IF(C$120=0,"",C121/C$120) | J121: =IF(D$120=0,"",D121/D$120) | K121: =IF(E$120=0,"",E121/E$120) | L121: =IF(F$120=0,"",F121/F$120) | M121: =IF(COUNT(H121:K121)<2,"",MAX(H121:K121)-MIN(H121:K121)) | N121: Q11 | O121: =IF(M121="","",M121+ROW()/1000000000) | P121: =IF(M121="","",INDEX($A$5:$A$8,MATCH(MAX(H121:K121),H121:K121,0))) | Q121: =IF(M121="","",INDEX($A$5:$A$8,MATCH(MIN(H121:K121),H121:K121,0)))
A122: Mean rating (1 to 5) | H122: =IFERROR(AVERAGEIFS(Responses!$N$2:$N$1000,Responses!$B$2:$B$1000,$A$5),"") | I122: =IFERROR(AVERAGEIFS(Responses!$N$2:$N$1000,Responses!$B$2:$B$1000,$A$6),"") | J122: =IFERROR(AVERAGEIFS(Responses!$N$2:$N$1000,Responses!$B$2:$B$1000,$A$7),"") | K122: =IFERROR(AVERAGEIFS(Responses!$N$2:$N$1000,Responses!$B$2:$B$1000,$A$8),"") | L122: =IFERROR(AVERAGE(Responses!$N$2:$N$1000),"") | M122: =IF(COUNT(H122:K122)<2,"",MAX(H122:K122)-MIN(H122:K122))
...

Sheet XTab_Role
A1: Cross-tabs by main activity (Q2)
A2: Do answers differ between students and workers? Percentages are within each group.
A4: Group | B4: n | C4: % of sample | D4: Flag
A5: Student only | B5: =COUNTIF(Responses!$C$2:$C$1000,A5) -> 0 | C5: =IF(Start_Here!$C$19=0,"",B5/Start_Here!$C$19) | D5: =IF(B5<Start_Here!$C$15,"small n","") -> small n
A6: Employed only (full-time or part-time) | B6: =COUNTIF(Responses!$C$2:$C$1000,A6) -> 0 | C6: =IF(Start_Here!$C$19=0,"",B6/Start_Here!$C$19) | D6: =IF(B6<Start_Here!$C$15,"small n","") -> small n
A7: Both student and employed | B7: =COUNTIF(Responses!$C$2:$C$1000,A7) -> 0 | C7: =IF(Start_Here!$C$19=0,"",B7/Start_Here!$C$19) | D7: =IF(B7<Start_Here!$C$15,"small n","") -> small n
A8: Neither at the moment | B8: =COUNTIF(Responses!$C$2:$C$1000,A8) -> 0 | C8: =IF(Start_Here!$C$19=0,"",B8/Start_Here!$C$19) | D8: =IF(B8<Start_Here!$C$15,"small n","") -> small n
A10: Largest differences between groups (top 5, in percentage points)
A11: Row (question / option) | B11: Qn | C11: Gap | D11: Highest group | H11: Lowest group | L11: (row ref)
A12: =IF(L12="","",INDEX($A$21:$A$147,L12)) | B12: =IF(L12="","",INDEX($N$21:$N$147,L12)) | C12: =IF(L12="","",INDEX($M$21:$M$147,L12)) | D12: =IF(L12="","",INDEX($P$21:$P$147,L12)) | H12: =IF(L12="","",INDEX($Q$21:$Q$147,L12)) | L12: =IFERROR(MATCH(LARGE($O$21:$O$147,1),$O$21:$O$147,0),"")
A13: =IF(L13="","",INDEX($A$21:$A$147,L13)) | B13: =IF(L13="","",INDEX($N$21:$N$147,L13)) | C13: =IF(L13="","",INDEX($M$21:$M$147,L13)) | D13: =IF(L13="","",INDEX($P$21:$P$147,L13)) | H13: =IF(L13="","",INDEX($Q$21:$Q$147,L13)) | L13: =IFERROR(MATCH(LARGE($O$21:$O$147,2),$O$21:$O$147,0),"")
A14: =IF(L14="","",INDEX($A$21:$A$147,L14)) | B14: =IF(L14="","",INDEX($N$21:$N$147,L14)) | C14: =IF(L14="","",INDEX($M$21:$M$147,L14)) | D14: =IF(L14="","",INDEX($P$21:$P$147,L14)) | H14: =IF(L14="","",INDEX($Q$21:$Q$147,L14)) | L14: =IFERROR(MATCH(LARGE($O$21:$O$147,3),$O$21:$O$147,0),"")
A15: =IF(L15="","",INDEX($A$21:$A$147,L15)) | B15: =IF(L15="","",INDEX($N$21:$N$147,L15)) | C15: =IF(L15="","",INDEX($M$21:$M$147,L15)) | D15: =IF(L15="","",INDEX($P$21:$P$147,L15)) | H15: =IF(L15="","",INDEX($Q$21:$Q$147,L15)) | L15: =IFERROR(MATCH(LARGE($O$21:$O$147,4),$O$21:$O$147,0),"")
A16: =IF(L16="","",INDEX($A$21:$A$147,L16)) | B16: =IF(L16="","",INDEX($N$21:$N$147,L16)) | C16: =IF(L16="","",INDEX($M$21:$M$147,L16)) | D16: =IF(L16="","",INDEX($P$21:$P$147,L16)) | H16: =IF(L16="","",INDEX($Q$21:$Q$147,L16)) | L16: =IFERROR(MATCH(LARGE($O$21:$O$147,5),$O$21:$O$147,0),"")
A17: A big gap with tiny groups is noise, not a finding. Check the red 'small n' flags above and the Base row of the block before you rely on a gap.
A18: Rows with a gap are highlighted amber when the gap reaches the threshold set on Start_Here. (Columns N to Q hold hidden helper formulas for this table.)
A21: Q1. Which age group are you in?
A22: Base = respondents in the group who answered the question | B22: Count | H22: Column % (within group) | M22: Gap (max - min)
B23: =$A$5 -> Student only | C23: =$A$6 -> Employed only (full-time or part-time) | D23: =$A$7 -> Both student and employed | E23: =$A$8 -> Neither at the moment | F23: All | H23: =$A$5 -> Student only | I23: =$A$6 -> Employed only (full-time or part-time) | J23: =$A$7 -> Both student and employed | K23: =$A$8 -> Neither at the moment | L23: All
A24: Base (n answering) | B24: =COUNTIFS(Responses!$C$2:$C$1000,$A$5,Responses!$B$2:$B$1000,"<>") -> 0 | C24: =COUNTIFS(Responses!$C$2:$C$1000,$A$6,Responses!$B$2:$B$1000,"<>") -> 0 | D24: =COUNTIFS(Responses!$C$2:$C$1000,$A$7,Responses!$B$2:$B$1000,"<>") -> 0 | E24: =COUNTIFS(Responses!$C$2:$C$1000,$A$8,Responses!$B$2:$B$1000,"<>") -> 0 | F24: =COUNTA(Responses!$B$2:$B$1000) -> 0
A25: 18 to 24 | B25: =COUNTIFS(Responses!$B$2:$B$1000,$A25,Responses!$C$2:$C$1000,$A$5) -> 0 | C25: =COUNTIFS(Responses!$B$2:$B$1000,$A25,Responses!$C$2:$C$1000,$A$6) -> 0 | D25: =COUNTIFS(Responses!$B$2:$B$1000,$A25,Responses!$C$2:$C$1000,$A$7) -> 0 | E25: =COUNTIFS(Responses!$B$2:$B$1000,$A25,Responses!$C$2:$C$1000,$A$8) -> 0 | F25: =COUNTIF(Responses!$B$2:$B$1000,$A25) -> 0 | H25: =IF(B$24=0,"",B25/B$24) | I25: =IF(C$24=0,"",C25/C$24) | J25: =IF(D$24=0,"",D25/D$24) | K25: =IF(E$24=0,"",E25/E$24) | L25: =IF(F$24=0,"",F25/F$24) | M25: =IF(COUNT(H25:K25)<2,"",MAX(H25:K25)-MIN(H25:K25)) | N25: Q1 | O25: =IF(M25="","",M25+ROW()/1000000000) | P25: =IF(M25="","",INDEX($A$5:$A$8,MATCH(MAX(H25:K25),H25:K25,0))) | Q25: =IF(M25="","",INDEX($A$5:$A$8,MATCH(MIN(H25:K25),H25:K25,0)))
A26: 25 to 34 | B26: =COUNTIFS(Responses!$B$2:$B$1000,$A26,Responses!$C$2:$C$1000,$A$5) -> 0 | C26: =COUNTIFS(Responses!$B$2:$B$1000,$A26,Responses!$C$2:$C$1000,$A$6) -> 0 | D26: =COUNTIFS(Responses!$B$2:$B$1000,$A26,Responses!$C$2:$C$1000,$A$7) -> 0 | E26: =COUNTIFS(Responses!$B$2:$B$1000,$A26,Responses!$C$2:$C$1000,$A$8) -> 0 | F26: =COUNTIF(Responses!$B$2:$B$1000,$A26) -> 0 | H26: =IF(B$24=0,"",B26/B$24) | I26: =IF(C$24=0,"",C26/C$24) | J26: =IF(D$24=0,"",D26/D$24) | K26: =IF(E$24=0,"",E26/E$24) | L26: =IF(F$24=0,"",F26/F$24) | M26: =IF(COUNT(H26:K26)<2,"",MAX(H26:K26)-MIN(H26:K26)) | N26: Q1 | O26: =IF(M26="","",M26+ROW()/1000000000) | P26: =IF(M26="","",INDEX($A$5:$A$8,MATCH(MAX(H26:K26),H26:K26,0))) | Q26: =IF(M26="","",INDEX($A$5:$A$8,MATCH(MIN(H26:K26),H26:K26,0)))
A27: 35 to 44 | B27: =COUNTIFS(Responses!$B$2:$B$1000,$A27,Responses!$C$2:$C$1000,$A$5) -> 0 | C27: =COUNTIFS(Responses!$B$2:$B$1000,$A27,Responses!$C$2:$C$1000,$A$6) -> 0 | D27: =COUNTIFS(Responses!$B$2:$B$1000,$A27,Responses!$C$2:$C$1000,$A$7) -> 0 | E27: =COUNTIFS(Responses!$B$2:$B$1000,$A27,Responses!$C$2:$C$1000,$A$8) -> 0 | F27: =COUNTIF(Responses!$B$2:$B$1000,$A27) -> 0 | H27: =IF(B$24=0,"",B27/B$24) | I27: =IF(C$24=0,"",C27/C$24) | J27: =IF(D$24=0,"",D27/D$24) | K27: =IF(E$24=0,"",E27/E$24) | L27: =IF(F$24=0,"",F27/F$24) | M27: =IF(COUNT(H27:K27)<2,"",MAX(H27:K27)-MIN(H27:K27)) | N27: Q1 | O27: =IF(M27="","",M27+ROW()/1000000000) | P27: =IF(M27="","",INDEX($A$5:$A$8,MATCH(MAX(H27:K27),H27:K27,0))) | Q27: =IF(M27="","",INDEX($A$5:$A$8,MATCH(MIN(H27:K27),H27:K27,0)))
A28: 45 or older | B28: =COUNTIFS(Responses!$B$2:$B$1000,$A28,Responses!$C$2:$C$1000,$A$5) -> 0 | C28: =COUNTIFS(Responses!$B$2:$B$1000,$A28,Responses!$C$2:$C$1000,$A$6) -> 0 | D28: =COUNTIFS(Responses!$B$2:$B$1000,$A28,Responses!$C$2:$C$1000,$A$7) -> 0 | E28: =COUNTIFS(Responses!$B$2:$B$1000,$A28,Responses!$C$2:$C$1000,$A$8) -> 0 | F28: =COUNTIF(Responses!$B$2:$B$1000,$A28) -> 0 | H28: =IF(B$24=0,"",B28/B$24) | I28: =IF(C$24=0,"",C28/C$24) | J28: =IF(D$24=0,"",D28/D$24) | K28: =IF(E$24=0,"",E28/E$24) | L28: =IF(F$24=0,"",F28/F$24) | M28: =IF(COUNT(H28:K28)<2,"",MAX(H28:K28)-MIN(H28:K28)) | N28: Q1 | O28: =IF(M28="","",M28+ROW()/1000000000) | P28: =IF(M28="","",INDEX($A$5:$A$8,MATCH(MAX(H28:K28),H28:K28,0))) | Q28: =IF(M28="","",INDEX($A$5:$A$8,MATCH(MIN(H28:K28),H28:K28,0)))
A31: Q3. How often do you use generative AI tools (for example ChatGPT, Copilot, Gemini or Claude) for work or study?
A32: Base = respondents in the group who answered the question | B32: Count | H32: Column % (within group) | M32: Gap (max - min)
B33: =$A$5 -> Student only | C33: =$A$6 -> Employed only (full-time or part-time) | D33: =$A$7 -> Both student and employed | E33: =$A$8 -> Neither at the moment | F33: All | H33: =$A$5 -> Student only | I33: =$A$6 -> Employed only (full-time or part-time) | J33: =$A$7 -> Both student and employed | K33: =$A$8 -> Neither at the moment | L33: All
A34: Base (n answering) | B34: =COUNTIFS(Responses!$C$2:$C$1000,$A$5,Responses!$D$2:$D$1000,"<>") -> 0 | C34: =COUNTIFS(Responses!$C$2:$C$1000,$A$6,Responses!$D$2:$D$1000,"<>") -> 0 | D34: =COUNTIFS(Responses!$C$2:$C$1000,$A$7,Responses!$D$2:$D$1000,"<>") -> 0 | E34: =COUNTIFS(Responses!$C$2:$C$1000,$A$8,Responses!$D$2:$D$1000,"<>") -> 0 | F34: =COUNTA(Responses!$D$2:$D$1000) -> 0
A35: Never | B35: =COUNTIFS(Responses!$D$2:$D$1000,$A35,Responses!$C$2:$C$1000,$A$5) -> 0 | C35: =COUNTIFS(Responses!$D$2:$D$1000,$A35,Responses!$C$2:$C$1000,$A$6) -> 0 | D35: =COUNTIFS(Responses!$D$2:$D$1000,$A35,Responses!$C$2:$C$1000,$A$7) -> 0 | E35: =COUNTIFS(Responses!$D$2:$D$1000,$A35,Responses!$C$2:$C$1000,$A$8) -> 0 | F35: =COUNTIF(Responses!$D$2:$D$1000,$A35) -> 0 | H35: =IF(B$34=0,"",B35/B$34) | I35: =IF(C$34=0,"",C35/C$34) | J35: =IF(D$34=0,"",D35/D$34) | K35: =IF(E$34=0,"",E35/E$34) | L35: =IF(F$34=0,"",F35/F$34) | M35: =IF(COUNT(H35:K35)<2,"",MAX(H35:K35)-MIN(H35:K35)) | N35: Q3 | O35: =IF(M35="","",M35+ROW()/1000000000) | P35: =IF(M35="","",INDEX($A$5:$A$8,MATCH(MAX(H35:K35),H35:K35,0))) | Q35: =IF(M35="","",INDEX($A$5:$A$8,MATCH(MIN(H35:K35),H35:K35,0)))
A36: Less than once a month | B36: =COUNTIFS(Responses!$D$2:$D$1000,$A36,Responses!$C$2:$C$1000,$A$5) -> 0 | C36: =COUNTIFS(Responses!$D$2:$D$1000,$A36,Responses!$C$2:$C$1000,$A$6) -> 0 | D36: =COUNTIFS(Responses!$D$2:$D$1000,$A36,Responses!$C$2:$C$1000,$A$7) -> 0 | E36: =COUNTIFS(Responses!$D$2:$D$1000,$A36,Responses!$C$2:$C$1000,$A$8) -> 0 | F36: =COUNTIF(Responses!$D$2:$D$1000,$A36) -> 0 | H36: =IF(B$34=0,"",B36/B$34) | I36: =IF(C$34=0,"",C36/C$34) | J36: =IF(D$34=0,"",D36/D$34) | K36: =IF(E$34=0,"",E36/E$34) | L36: =IF(F$34=0,"",F36/F$34) | M36: =IF(COUNT(H36:K36)<2,"",MAX(H36:K36)-MIN(H36:K36)) | N36: Q3 | O36: =IF(M36="","",M36+ROW()/1000000000) | P36: =IF(M36="","",INDEX($A$5:$A$8,MATCH(MAX(H36:K36),H36:K36,0))) | Q36: =IF(M36="","",INDEX($A$5:$A$8,MATCH(MIN(H36:K36),H36:K36,0)))
A37: A few times a month | B37: =COUNTIFS(Responses!$D$2:$D$1000,$A37,Responses!$C$2:$C$1000,$A$5) -> 0 | C37: =COUNTIFS(Responses!$D$2:$D$1000,$A37,Responses!$C$2:$C$1000,$A$6) -> 0 | D37: =COUNTIFS(Responses!$D$2:$D$1000,$A37,Responses!$C$2:$C$1000,$A$7) -> 0 | E37: =COUNTIFS(Responses!$D$2:$D$1000,$A37,Responses!$C$2:$C$1000,$A$8) -> 0 | F37: =COUNTIF(Responses!$D$2:$D$1000,$A37) -> 0 | H37: =IF(B$34=0,"",B37/B$34) | I37: =IF(C$34=0,"",C37/C$34) | J37: =IF(D$34=0,"",D37/D$34) | K37: =IF(E$34=0,"",E37/E$34) | L37: =IF(F$34=0,"",F37/F$34) | M37: =IF(COUNT(H37:K37)<2,"",MAX(H37:K37)-MIN(H37:K37)) | N37: Q3 | O37: =IF(M37="","",M37+ROW()/1000000000) | P37: =IF(M37="","",INDEX($A$5:$A$8,MATCH(MAX(H37:K37),H37:K37,0))) | Q37: =IF(M37="","",INDEX($A$5:$A$8,MATCH(MIN(H37:K37),H37:K37,0)))
A38: A few times a week | B38: =COUNTIFS(Responses!$D$2:$D$1000,$A38,Responses!$C$2:$C$1000,$A$5) -> 0 | C38: =COUNTIFS(Responses!$D$2:$D$1000,$A38,Responses!$C$2:$C$1000,$A$6) -> 0 | D38: =COUNTIFS(Responses!$D$2:$D$1000,$A38,Responses!$C$2:$C$1000,$A$7) -> 0 | E38: =COUNTIFS(Responses!$D$2:$D$1000,$A38,Responses!$C$2:$C$1000,$A$8) -> 0 | F38: =COUNTIF(Responses!$D$2:$D$1000,$A38) -> 0 | H38: =IF(B$34=0,"",B38/B$34) | I38: =IF(C$34=0,"",C38/C$34) | J38: =IF(D$34=0,"",D38/D$34) | K38: =IF(E$34=0,"",E38/E$34) | L38: =IF(F$34=0,"",F38/F$34) | M38: =IF(COUNT(H38:K38)<2,"",MAX(H38:K38)-MIN(H38:K38)) | N38: Q3 | O38: =IF(M38="","",M38+ROW()/1000000000) | P38: =IF(M38="","",INDEX($A$5:$A$8,MATCH(MAX(H38:K38),H38:K38,0))) | Q38: =IF(M38="","",INDEX($A$5:$A$8,MATCH(MIN(H38:K38),H38:K38,0)))
A39: Daily | B39: =COUNTIFS(Responses!$D$2:$D$1000,$A39,Responses!$C$2:$C$1000,$A$5) -> 0 | C39: =COUNTIFS(Responses!$D$2:$D$1000,$A39,Responses!$C$2:$C$1000,$A$6) -> 0 | D39: =COUNTIFS(Responses!$D$2:$D$1000,$A39,Responses!$C$2:$C$1000,$A$7) -> 0 | E39: =COUNTIFS(Responses!$D$2:$D$1000,$A39,Responses!$C$2:$C$1000,$A$8) -> 0 | F39: =COUNTIF(Responses!$D$2:$D$1000,$A39) -> 0 | H39: =IF(B$34=0,"",B39/B$34) | I39: =IF(C$34=0,"",C39/C$34) | J39: =IF(D$34=0,"",D39/D$34) | K39: =IF(E$34=0,"",E39/E$34) | L39: =IF(F$34=0,"",F39/F$34) | M39: =IF(COUNT(H39:K39)<2,"",MAX(H39:K39)-MIN(H39:K39)) | N39: Q3 | O39: =IF(M39="","",M39+ROW()/1000000000) | P39: =IF(M39="","",INDEX($A$5:$A$8,MATCH(MAX(H39:K39),H39:K39,0))) | Q39: =IF(M39="","",INDEX($A$5:$A$8,MATCH(MIN(H39:K39),H39:K39,0)))
A42: Q4. Which tasks do you use AI tools for? Select all that apply.
A43: Base = respondents in the group who answered the question | B43: Count | H43: Column % (within group) | M43: Gap (max - min)
B44: =$A$5 -> Student only | C44: =$A$6 -> Employed only (full-time or part-time) | D44: =$A$7 -> Both student and employed | E44: =$A$8 -> Neither at the moment | F44: All | H44: =$A$5 -> Student only | I44: =$A$6 -> Employed only (full-time or part-time) | J44: =$A$7 -> Both student and employed | K44: =$A$8 -> Neither at the moment | L44: All
A45: Base (n answering) | B45: =COUNTIFS(Responses!$C$2:$C$1000,$A$5,Responses!$E$2:$E$1000,"<>") -> 0 | C45: =COUNTIFS(Responses!$C$2:$C$1000,$A$6,Responses!$E$2:$E$1000,"<>") -> 0 | D45: =COUNTIFS(Responses!$C$2:$C$1000,$A$7,Responses!$E$2:$E$1000,"<>") -> 0 | E45: =COUNTIFS(Responses!$C$2:$C$1000,$A$8,Responses!$E$2:$E$1000,"<>") -> 0 | F45: =COUNTA(Responses!$E$2:$E$1000) -> 0
A46: Writing or editing | B46: =COUNTIFS(Responses!$E$2:$E$1000,"*"&$A46&"*",Responses!$C$2:$C$1000,$A$5) -> 0 | C46: =COUNTIFS(Responses!$E$2:$E$1000,"*"&$A46&"*",Responses!$C$2:$C$1000,$A$6) -> 0 | D46: =COUNTIFS(Responses!$E$2:$E$1000,"*"&$A46&"*",Responses!$C$2:$C$1000,$A$7) -> 0 | E46: =COUNTIFS(Responses!$E$2:$E$1000,"*"&$A46&"*",Responses!$C$2:$C$1000,$A$8) -> 0 | F46: =COUNTIF(Responses!$E$2:$E$1000,"*"&$A46&"*") -> 0 | H46: =IF(B$45=0,"",B46/B$45) | I46: =IF(C$45=0,"",C46/C$45) | J46: =IF(D$45=0,"",D46/D$45) | K46: =IF(E$45=0,"",E46/E$45) | L46: =IF(F$45=0,"",F46/F$45) | M46: =IF(COUNT(H46:K46)<2,"",MAX(H46:K46)-MIN(H46:K46)) | N46: Q4 | O46: =IF(M46="","",M46+ROW()/1000000000) | P46: =IF(M46="","",INDEX($A$5:$A$8,MATCH(MAX(H46:K46),H46:K46,0))) | Q46: =IF(M46="","",INDEX($A$5:$A$8,MATCH(MIN(H46:K46),H46:K46,0)))
A47: Research or summarizing | B47: =COUNTIFS(Responses!$E$2:$E$1000,"*"&$A47&"*",Responses!$C$2:$C$1000,$A$5) -> 0 | C47: =COUNTIFS(Responses!$E$2:$E$1000,"*"&$A47&"*",Responses!$C$2:$C$1000,$A$6) -> 0 | D47: =COUNTIFS(Responses!$E$2:$E$1000,"*"&$A47&"*",Responses!$C$2:$C$1000,$A$7) -> 0 | E47: =COUNTIFS(Responses!$E$2:$E$1000,"*"&$A47&"*",Responses!$C$2:$C$1000,$A$8) -> 0 | F47: =COUNTIF(Responses!$E$2:$E$1000,"*"&$A47&"*") -> 0 | H47: =IF(B$45=0,"",B47/B$45) | I47: =IF(C$45=0,"",C47/C$45) | J47: =IF(D$45=0,"",D47/D$45) | K47: =IF(E$45=0,"",E47/E$45) | L47: =IF(F$45=0,"",F47/F$45) | M47: =IF(COUNT(H47:K47)<2,"",MAX(H47:K47)-MIN(H47:K47)) | N47: Q4 | O47: =IF(M47="","",M47+ROW()/1000000000) | P47: =IF(M47="","",INDEX($A$5:$A$8,MATCH(MAX(H47:K47),H47:K47,0))) | Q47: =IF(M47="","",INDEX($A$5:$A$8,MATCH(MIN(H47:K47),H47:K47,0)))
A48: Brainstorming ideas | B48: =COUNTIFS(Responses!$E$2:$E$1000,"*"&$A48&"*",Responses!$C$2:$C$1000,$A$5) -> 0 | C48: =COUNTIFS(Responses!$E$2:$E$1000,"*"&$A48&"*",Responses!$C$2:$C$1000,$A$6) -> 0 | D48: =COUNTIFS(Responses!$E$2:$E$1000,"*"&$A48&"*",Responses!$C$2:$C$1000,$A$7) -> 0 | E48: =COUNTIFS(Responses!$E$2:$E$1000,"*"&$A48&"*",Responses!$C$2:$C$1000,$A$8) -> 0 | F48: =COUNTIF(Responses!$E$2:$E$1000,"*"&$A48&"*") -> 0 | H48: =IF(B$45=0,"",B48/B$45) | I48: =IF(C$45=0,"",C48/C$45) | J48: =IF(D$45=0,"",D48/D$45) | K48: =IF(E$45=0,"",E48/E$45) | L48: =IF(F$45=0,"",F48/F$45) | M48: =IF(COUNT(H48:K48)<2,"",MAX(H48:K48)-MIN(H48:K48)) | N48: Q4 | O48: =IF(M48="","",M48+ROW()/1000000000) | P48: =IF(M48="","",INDEX($A$5:$A$8,MATCH(MAX(H48:K48),H48:K48,0))) | Q48: =IF(M48="","",INDEX($A$5:$A$8,MATCH(MIN(H48:K48),H48:K48,0)))
A49: Analyzing data or spreadsheets | B49: =COUNTIFS(Responses!$E$2:$E$1000,"*"&$A49&"*",Responses!$C$2:$C$1000,$A$5) -> 0 | C49: =COUNTIFS(Responses!$E$2:$E$1000,"*"&$A49&"*",Responses!$C$2:$C$1000,$A$6) -> 0 | D49: =COUNTIFS(Responses!$E$2:$E$1000,"*"&$A49&"*",Responses!$C$2:$C$1000,$A$7) -> 0 | E49: =COUNTIFS(Responses!$E$2:$E$1000,"*"&$A49&"*",Responses!$C$2:$C$1000,$A$8) -> 0 | F49: =COUNTIF(Responses!$E$2:$E$1000,"*"&$A49&"*") -> 0 | H49: =IF(B$45=0,"",B49/B$45) | I49: =IF(C$45=0,"",C49/C$45) | J49: =IF(D$45=0,"",D49/D$45) | K49: =IF(E$45=0,"",E49/E$45) | L49: =IF(F$45=0,"",F49/F$45) | M49: =IF(COUNT(H49:K49)<2,"",MAX(H49:K49)-MIN(H49:K49)) | N49: Q4 | O49: =IF(M49="","",M49+ROW()/1000000000) | P49: =IF(M49="","",INDEX($A$5:$A$8,MATCH(MAX(H49:K49),H49:K49,0))) | Q49: =IF(M49="","",INDEX($A$5:$A$8,MATCH(MIN(H49:K49),H49:K49,0)))
A50: Coding or technical help | B50: =COUNTIFS(Responses!$E$2:$E$1000,"*"&$A50&"*",Responses!$C$2:$C$1000,$A$5) -> 0 | C50: =COUNTIFS(Responses!$E$2:$E$1000,"*"&$A50&"*",Responses!$C$2:$C$1000,$A$6) -> 0 | D50: =COUNTIFS(Responses!$E$2:$E$1000,"*"&$A50&"*",Responses!$C$2:$C$1000,$A$7) -> 0 | E50: =COUNTIFS(Responses!$E$2:$E$1000,"*"&$A50&"*",Responses!$C$2:$C$1000,$A$8) -> 0 | F50: =COUNTIF(Responses!$E$2:$E$1000,"*"&$A50&"*") -> 0 | H50: =IF(B$45=0,"",B50/B$45) | I50: =IF(C$45=0,"",C50/C$45) | J50: =IF(D$45=0,"",D50/D$45) | K50: =IF(E$45=0,"",E50/E$45) | L50: =IF(F$45=0,"",F50/F$45) | M50: =IF(COUNT(H50:K50)<2,"",MAX(H50:K50)-MIN(H50:K50)) | N50: Q4 | O50: =IF(M50="","",M50+ROW()/1000000000) | P50: =IF(M50="","",INDEX($A$5:$A$8,MATCH(MAX(H50:K50),H50:K50,0))) | Q50: =IF(M50="","",INDEX($A$5:$A$8,MATCH(MIN(H50:K50),H50:K50,0)))
A51: Translation or language support | B51: =COUNTIFS(Responses!$E$2:$E$1000,"*"&$A51&"*",Responses!$C$2:$C$1000,$A$5) -> 0 | C51: =COUNTIFS(Responses!$E$2:$E$1000,"*"&$A51&"*",Responses!$C$2:$C$1000,$A$6) -> 0 | D51: =COUNTIFS(Responses!$E$2:$E$1000,"*"&$A51&"*",Responses!$C$2:$C$1000,$A$7) -> 0 | E51: =COUNTIFS(Responses!$E$2:$E$1000,"*"&$A51&"*",Responses!$C$2:$C$1000,$A$8) -> 0 | F51: =COUNTIF(Responses!$E$2:$E$1000,"*"&$A51&"*") -> 0 | H51: =IF(B$45=0,"",B51/B$45) | I51: =IF(C$45=0,"",C51/C$45) | J51: =IF(D$45=0,"",D51/D$45) | K51: =IF(E$45=0,"",E51/E$45) | L51: =IF(F$45=0,"",F51/F$45) | M51: =IF(COUNT(H51:K51)<2,"",MAX(H51:K51)-MIN(H51:K51)) | N51: Q4 | O51: =IF(M51="","",M51+ROW()/1000000000) | P51: =IF(M51="","",INDEX($A$5:$A$8,MATCH(MAX(H51:K51),H51:K51,0))) | Q51: =IF(M51="","",INDEX($A$5:$A$8,MATCH(MIN(H51:K51),H51:K51,0)))
A52: Scheduling or admin tasks | B52: =COUNTIFS(Responses!$E$2:$E$1000,"*"&$A52&"*",Responses!$C$2:$C$1000,$A$5) -> 0 | C52: =COUNTIFS(Responses!$E$2:$E$1000,"*"&$A52&"*",Responses!$C$2:$C$1000,$A$6) -> 0 | D52: =COUNTIFS(Responses!$E$2:$E$1000,"*"&$A52&"*",Responses!$C$2:$C$1000,$A$7) -> 0 | E52: =COUNTIFS(Responses!$E$2:$E$1000,"*"&$A52&"*",Responses!$C$2:$C$1000,$A$8) -> 0 | F52: =COUNTIF(Responses!$E$2:$E$1000,"*"&$A52&"*") -> 0 | H52: =IF(B$45=0,"",B52/B$45) | I52: =IF(C$45=0,"",C52/C$45) | J52: =IF(D$45=0,"",D52/D$45) | K52: =IF(E$45=0,"",E52/E$45) | L52: =IF(F$45=0,"",F52/F$45) | M52: =IF(COUNT(H52:K52)<2,"",MAX(H52:K52)-MIN(H52:K52)) | N52: Q4 | O52: =IF(M52="","",M52+ROW()/1000000000) | P52: =IF(M52="","",INDEX($A$5:$A$8,MATCH(MAX(H52:K52),H52:K52,0))) | Q52: =IF(M52="","",INDEX($A$5:$A$8,MATCH(MIN(H52:K52),H52:K52,0)))
A55: Q5. On average, about how much time per week do AI tools save you?
A56: Base = respondents in the group who answered the question | B56: Count | H56: Column % (within group) | M56: Gap (max - min)
B57: =$A$5 -> Student only | C57: =$A$6 -> Employed only (full-time or part-time) | D57: =$A$7 -> Both student and employed | E57: =$A$8 -> Neither at the moment | F57: All | H57: =$A$5 -> Student only | I57: =$A$6 -> Employed only (full-time or part-time) | J57: =$A$7 -> Both student and employed | K57: =$A$8 -> Neither at the moment | L57: All
A58: Base (n answering) | B58: =COUNTIFS(Responses!$C$2:$C$1000,$A$5,Responses!$F$2:$F$1000,"<>") -> 0 | C58: =COUNTIFS(Responses!$C$2:$C$1000,$A$6,Responses!$F$2:$F$1000,"<>") -> 0 | D58: =COUNTIFS(Responses!$C$2:$C$1000,$A$7,Responses!$F$2:$F$1000,"<>") -> 0 | E58: =COUNTIFS(Responses!$C$2:$C$1000,$A$8,Responses!$F$2:$F$1000,"<>") -> 0 | F58: =COUNTA(Responses!$F$2:$F$1000) -> 0
A59: None - no time saved | B59: =COUNTIFS(Responses!$F$2:$F$1000,$A59,Responses!$C$2:$C$1000,$A$5) -> 0 | C59: =COUNTIFS(Responses!$F$2:$F$1000,$A59,Responses!$C$2:$C$1000,$A$6) -> 0 | D59: =COUNTIFS(Responses!$F$2:$F$1000,$A59,Responses!$C$2:$C$1000,$A$7) -> 0 | E59: =COUNTIFS(Responses!$F$2:$F$1000,$A59,Responses!$C$2:$C$1000,$A$8) -> 0 | F59: =COUNTIF(Responses!$F$2:$F$1000,$A59) -> 0 | H59: =IF(B$58=0,"",B59/B$58) | I59: =IF(C$58=0,"",C59/C$58) | J59: =IF(D$58=0,"",D59/D$58) | K59: =IF(E$58=0,"",E59/E$58) | L59: =IF(F$58=0,"",F59/F$58) | M59: =IF(COUNT(H59:K59)<2,"",MAX(H59:K59)-MIN(H59:K59)) | N59: Q5 | O59: =IF(M59="","",M59+ROW()/1000000000) | P59: =IF(M59="","",INDEX($A$5:$A$8,MATCH(MAX(H59:K59),H59:K59,0))) | Q59: =IF(M59="","",INDEX($A$5:$A$8,MATCH(MIN(H59:K59),H59:K59,0)))
A60: Less than 1 hour | B60: =COUNTIFS(Responses!$F$2:$F$1000,$A60,Responses!$C$2:$C$1000,$A$5) -> 0 | C60: =COUNTIFS(Responses!$F$2:$F$1000,$A60,Responses!$C$2:$C$1000,$A$6) -> 0 | D60: =COUNTIFS(Responses!$F$2:$F$1000,$A60,Responses!$C$2:$C$1000,$A$7) -> 0 | E60: =COUNTIFS(Responses!$F$2:$F$1000,$A60,Responses!$C$2:$C$1000,$A$8) -> 0 | F60: =COUNTIF(Responses!$F$2:$F$1000,$A60) -> 0 | H60: =IF(B$58=0,"",B60/B$58) | I60: =IF(C$58=0,"",C60/C$58) | J60: =IF(D$58=0,"",D60/D$58) | K60: =IF(E$58=0,"",E60/E$58) | L60: =IF(F$58=0,"",F60/F$58) | M60: =IF(COUNT(H60:K60)<2,"",MAX(H60:K60)-MIN(H60:K60)) | N60: Q5 | O60: =IF(M60="","",M60+ROW()/1000000000) | P60: =IF(M60="","",INDEX($A$5:$A$8,MATCH(MAX(H60:K60),H60:K60,0))) | Q60: =IF(M60="","",INDEX($A$5:$A$8,MATCH(MIN(H60:K60),H60:K60,0)))
A61: 1 to 3 hours | B61: =COUNTIFS(Responses!$F$2:$F$1000,$A61,Responses!$C$2:$C$1000,$A$5) -> 0 | C61: =COUNTIFS(Responses!$F$2:$F$1000,$A61,Responses!$C$2:$C$1000,$A$6) -> 0 | D61: =COUNTIFS(Responses!$F$2:$F$1000,$A61,Responses!$C$2:$C$1000,$A$7) -> 0 | E61: =COUNTIFS(Responses!$F$2:$F$1000,$A61,Responses!$C$2:$C$1000,$A$8) -> 0 | F61: =COUNTIF(Responses!$F$2:$F$1000,$A61) -> 0 | H61: =IF(B$58=0,"",B61/B$58) | I61: =IF(C$58=0,"",C61/C$58) | J61: =IF(D$58=0,"",D61/D$58) | K61: =IF(E$58=0,"",E61/E$58) | L61: =IF(F$58=0,"",F61/F$58) | M61: =IF(COUNT(H61:K61)<2,"",MAX(H61:K61)-MIN(H61:K61)) | N61: Q5 | O61: =IF(M61="","",M61+ROW()/1000000000) | P61: =IF(M61="","",INDEX($A$5:$A$8,MATCH(MAX(H61:K61),H61:K61,0))) | Q61: =IF(M61="","",INDEX($A$5:$A$8,MATCH(MIN(H61:K61),H61:K61,0)))
A62: 4 to 6 hours | B62: =COUNTIFS(Responses!$F$2:$F$1000,$A62,Responses!$C$2:$C$1000,$A$5) -> 0 | C62: =COUNTIFS(Responses!$F$2:$F$1000,$A62,Responses!$C$2:$C$1000,$A$6) -> 0 | D62: =COUNTIFS(Responses!$F$2:$F$1000,$A62,Responses!$C$2:$C$1000,$A$7) -> 0 | E62: =COUNTIFS(Responses!$F$2:$F$1000,$A62,Responses!$C$2:$C$1000,$A$8) -> 0 | F62: =COUNTIF(Responses!$F$2:$F$1000,$A62) -> 0 | H62: =IF(B$58=0,"",B62/B$58) | I62: =IF(C$58=0,"",C62/C$58) | J62: =IF(D$58=0,"",D62/D$58) | K62: =IF(E$58=0,"",E62/E$58) | L62: =IF(F$58=0,"",F62/F$58) | M62: =IF(COUNT(H62:K62)<2,"",MAX(H62:K62)-MIN(H62:K62)) | N62: Q5 | O62: =IF(M62="","",M62+ROW()/1000000000) | P62: =IF(M62="","",INDEX($A$5:$A$8,MATCH(MAX(H62:K62),H62:K62,0))) | Q62: =IF(M62="","",INDEX($A$5:$A$8,MATCH(MIN(H62:K62),H62:K62,0)))
A63: 7 or more hours | B63: =COUNTIFS(Responses!$F$2:$F$1000,$A63,Responses!$C$2:$C$1000,$A$5) -> 0 | C63: =COUNTIFS(Responses!$F$2:$F$1000,$A63,Responses!$C$2:$C$1000,$A$6) -> 0 | D63: =COUNTIFS(Responses!$F$2:$F$1000,$A63,Responses!$C$2:$C$1000,$A$7) -> 0 | E63: =COUNTIFS(Responses!$F$2:$F$1000,$A63,Responses!$C$2:$C$1000,$A$8) -> 0 | F63: =COUNTIF(Responses!$F$2:$F$1000,$A63) -> 0 | H63: =IF(B$58=0,"",B63/B$58) | I63: =IF(C$58=0,"",C63/C$58) | J63: =IF(D$58=0,"",D63/D$58) | K63: =IF(E$58=0,"",E63/E$58) | L63: =IF(F$58=0,"",F63/F$58) | M63: =IF(COUNT(H63:K63)<2,"",MAX(H63:K63)-MIN(H63:K63)) | N63: Q5 | O63: =IF(M63="","",M63+ROW()/1000000000) | P63: =IF(M63="","",INDEX($A$5:$A$8,MATCH(MAX(H63:K63),H63:K63,0))) | Q63: =IF(M63="","",INDEX($A$5:$A$8,MATCH(MIN(H63:K63),H63:K63,0)))
A66: Q6. How much do you agree with each statement about your own use of AI tools?
A67: Base = respondents in the group who answered the question | B67: Count | H67: Column % (within group) | M67: Gap (max - min)
B68: =$A$5 -> Student only | C68: =$A$6 -> Employed only (full-time or part-time) | D68: =$A$7 -> Both student and employed | E68: =$A$8 -> Neither at the moment | F68: All | H68: =$A$5 -> Student only | I68: =$A$6 -> Employed only (full-time or part-time) | J68: =$A$7 -> Both student and employed | K68: =$A$8 -> Neither at the moment | L68: All
A69: Base (n answering) | B69: =COUNTIFS(Responses!$C$2:$C$1000,$A$5,Responses!$G$2:$G$1000,"<>") -> 0 | C69: =COUNTIFS(Responses!$C$2:$C$1000,$A$6,Responses!$G$2:$G$1000,"<>") -> 0 | D69: =COUNTIFS(Responses!$C$2:$C$1000,$A$7,Responses!$G$2:$G$1000,"<>") -> 0 | E69: =COUNTIFS(Responses!$C$2:$C$1000,$A$8,Responses!$G$2:$G$1000,"<>") -> 0 | F69: =COUNTA(Responses!$G$2:$G$1000) -> 0
A70: % agree or strongly agree: AI tools help me complete tasks faster. | B70: =COUNTIFS(Responses!$G$2:$G$1000,"Agree",Responses!$C$2:$C$1000,$A$5)+COUNTIFS(Responses!$G$2:$G$1000,"Strongly agree",Responses!$C$2:$C$1000,$A$5) -> 0 | C70: =COUNTIFS(Responses!$G$2:$G$1000,"Agree",Responses!$C$2:$C$1000,$A$6)+COUNTIFS(Responses!$G$2:$G$1000,"Strongly agree",Responses!$C$2:$C$1000,$A$6) -> 0 | D70: =COUNTIFS(Responses!$G$2:$G$1000,"Agree",Responses!$C$2:$C$1000,$A$7)+COUNTIFS(Responses!$G$2:$G$1000,"Strongly agree",Responses!$C$2:$C$1000,$A$7) -> 0 | E70: =COUNTIFS(Responses!$G$2:$G$1000,"Agree",Responses!$C$2:$C$1000,$A$8)+COUNTIFS(Responses!$G$2:$G$1000,"Strongly agree",Responses!$C$2:$C$1000,$A$8) -> 0 | F70: =COUNTIF(Responses!$G$2:$G$1000,"Agree")+COUNTIF(Responses!$G$2:$G$1000,"Strongly agree") -> 0 | H70: =IF(B$69=0,"",B70/B$69) | I70: =IF(C$69=0,"",C70/C$69) | J70: =IF(D$69=0,"",D70/D$69) | K70: =IF(E$69=0,"",E70/E$69) | L70: =IF(F$69=0,"",F70/F$69) | M70: =IF(COUNT(H70:K70)<2,"",MAX(H70:K70)-MIN(H70:K70)) | N70: Q6 | O70: =IF(M70="","",M70+ROW()/1000000000) | P70: =IF(M70="","",INDEX($A$5:$A$8,MATCH(MAX(H70:K70),H70:K70,0))) | Q70: =IF(M70="","",INDEX($A$5:$A$8,MATCH(MIN(H70:K70),H70:K70,0)))
A71: % agree or strongly agree: AI tools improve the quality of my work. | B71: =COUNTIFS(Responses!$H$2:$H$1000,"Agree",Responses!$C$2:$C$1000,$A$5)+COUNTIFS(Responses!$H$2:$H$1000,"Strongly agree",Responses!$C$2:$C$1000,$A$5) -> 0 | C71: =COUNTIFS(Responses!$H$2:$H$1000,"Agree",Responses!$C$2:$C$1000,$A$6)+COUNTIFS(Responses!$H$2:$H$1000,"Strongly agree",Responses!$C$2:$C$1000,$A$6) -> 0 | D71: =COUNTIFS(Responses!$H$2:$H$1000,"Agree",Responses!$C$2:$C$1000,$A$7)+COUNTIFS(Responses!$H$2:$H$1000,"Strongly agree",Responses!$C$2:$C$1000,$A$7) -> 0 | E71: =COUNTIFS(Responses!$H$2:$H$1000,"Agree",Responses!$C$2:$C$1000,$A$8)+COUNTIFS(Responses!$H$2:$H$1000,"Strongly agree",Responses!$C$2:$C$1000,$A$8) -> 0 | F71: =COUNTIF(Responses!$H$2:$H$1000,"Agree")+COUNTIF(Responses!$H$2:$H$1000,"Strongly agree") -> 0 | H71: =IF(B$69=0,"",B71/B$69) | I71: =IF(C$69=0,"",C71/C$69) | J71: =IF(D$69=0,"",D71/D$69) | K71: =IF(E$69=0,"",E71/E$69) | L71: =IF(F$69=0,"",F71/F$69) | M71: =IF(COUNT(H71:K71)<2,"",MAX(H71:K71)-MIN(H71:K71)) | N71: Q6 | O71: =IF(M71="","",M71+ROW()/1000000000) | P71: =IF(M71="","",INDEX($A$5:$A$8,MATCH(MAX(H71:K71),H71:K71,0))) | Q71: =IF(M71="","",INDEX($A$5:$A$8,MATCH(MIN(H71:K71),H71:K71,0)))
A72: % agree or strongly agree: I always check AI-generated output before I use it. | B72: =COUNTIFS(Responses!$I$2:$I$1000,"Agree",Responses!$C$2:$C$1000,$A$5)+COUNTIFS(Responses!$I$2:$I$1000,"Strongly agree",Responses!$C$2:$C$1000,$A$5) -> 0 | C72: =COUNTIFS(Responses!$I$2:$I$1000,"Agree",Responses!$C$2:$C$1000,$A$6)+COUNTIFS(Responses!$I$2:$I$1000,"Strongly agree",Responses!$C$2:$C$1000,$A$6) -> 0 | D72: =COUNTIFS(Responses!$I$2:$I$1000,"Agree",Responses!$C$2:$C$1000,$A$7)+COUNTIFS(Responses!$I$2:$I$1000,"Strongly agree",Responses!$C$2:$C$1000,$A$7) -> 0 | E72: =COUNTIFS(Responses!$I$2:$I$1000,"Agree",Responses!$C$2:$C$1000,$A$8)+COUNTIFS(Responses!$I$2:$I$1000,"Strongly agree",Responses!$C$2:$C$1000,$A$8) -> 0 | F72: =COUNTIF(Responses!$I$2:$I$1000,"Agree")+COUNTIF(Responses!$I$2:$I$1000,"Strongly agree") -> 0 | H72: =IF(B$69=0,"",B72/B$69) | I72: =IF(C$69=0,"",C72/C$69) | J72: =IF(D$69=0,"",D72/D$69) | K72: =IF(E$69=0,"",E72/E$69) | L72: =IF(F$69=0,"",F72/F$69) | M72: =IF(COUNT(H72:K72)<2,"",MAX(H72:K72)-MIN(H72:K72)) | N72: Q6 | O72: =IF(M72="","",M72+ROW()/1000000000) | P72: =IF(M72="","",INDEX($A$5:$A$8,MATCH(MAX(H72:K72),H72:K72,0))) | Q72: =IF(M72="","",INDEX($A$5:$A$8,MATCH(MIN(H72:K72),H72:K72,0)))
A75: Q7. How confident are you in your ability to use AI tools effectively?
A76: Base = respondents in the group who answered the question | B76: Count | H76: Column % (within group) | M76: Gap (max - min)
B77: =$A$5 -> Student only | C77: =$A$6 -> Employed only (full-time or part-time) | D77: =$A$7 -> Both student and employed | E77: =$A$8 -> Neither at the moment | F77: All | H77: =$A$5 -> Student only | I77: =$A$6 -> Employed only (full-time or part-time) | J77: =$A$7 -> Both student and employed | K77: =$A$8 -> Neither at the moment | L77: All
A78: Base (n answering) | B78: =COUNTIFS(Responses!$C$2:$C$1000,$A$5,Responses!$J$2:$J$1000,"<>") -> 0 | C78: =COUNTIFS(Responses!$C$2:$C$1000,$A$6,Responses!$J$2:$J$1000,"<>") -> 0 | D78: =COUNTIFS(Responses!$C$2:$C$1000,$A$7,Responses!$J$2:$J$1000,"<>") -> 0 | E78: =COUNTIFS(Responses!$C$2:$C$1000,$A$8,Responses!$J$2:$J$1000,"<>") -> 0 | F78: =COUNTA(Responses!$J$2:$J$1000) -> 0
A79: Rated 4 or 5 (high) | B79: =COUNTIFS(Responses!$J$2:$J$1000,">=4",Responses!$C$2:$C$1000,$A$5) -> 0 | C79: =COUNTIFS(Responses!$J$2:$J$1000,">=4",Responses!$C$2:$C$1000,$A$6) -> 0 | D79: =COUNTIFS(Responses!$J$2:$J$1000,">=4",Responses!$C$2:$C$1000,$A$7) -> 0 | E79: =COUNTIFS(Responses!$J$2:$J$1000,">=4",Responses!$C$2:$C$1000,$A$8) -> 0 | F79: =COUNTIF(Responses!$J$2:$J$1000,">=4") -> 0 | H79: =IF(B$78=0,"",B79/B$78) | I79: =IF(C$78=0,"",C79/C$78) | J79: =IF(D$78=0,"",D79/D$78) | K79: =IF(E$78=0,"",E79/E$78) | L79: =IF(F$78=0,"",F79/F$78) | M79: =IF(COUNT(H79:K79)<2,"",MAX(H79:K79)-MIN(H79:K79)) | N79: Q7 | O79: =IF(M79="","",M79+ROW()/1000000000) | P79: =IF(M79="","",INDEX($A$5:$A$8,MATCH(MAX(H79:K79),H79:K79,0))) | Q79: =IF(M79="","",INDEX($A$5:$A$8,MATCH(MIN(H79:K79),H79:K79,0)))
A80: Mean rating (1 to 5) | H80: =IFERROR(AVERAGEIFS(Responses!$J$2:$J$1000,Responses!$C$2:$C$1000,$A$5),"") | I80: =IFERROR(AVERAGEIFS(Responses!$J$2:$J$1000,Responses!$C$2:$C$1000,$A$6),"") | J80: =IFERROR(AVERAGEIFS(Responses!$J$2:$J$1000,Responses!$C$2:$C$1000,$A$7),"") | K80: =IFERROR(AVERAGEIFS(Responses!$J$2:$J$1000,Responses!$C$2:$C$1000,$A$8),"") | L80: =IFERROR(AVERAGE(Responses!$J$2:$J$1000),"") | M80: =IF(COUNT(H80:K80)<2,"",MAX(H80:K80)-MIN(H80:K80))
A83: Q8. Which best describes the guidance you have received about using AI tools from your employer or school?
A84: Base = respondents in the group who answered the question | B84: Count | H84: Column % (within group) | M84: Gap (max - min)
B85: =$A$5 -> Student only | C85: =$A$6 -> Employed only (full-time or part-time) | D85: =$A$7 -> Both student and employed | E85: =$A$8 -> Neither at the moment | F85: All | H85: =$A$5 -> Student only | I85: =$A$6 -> Employed only (full-time or part-time) | J85: =$A$7 -> Both student and employed | K85: =$A$8 -> Neither at the moment | L85: All
A86: Base (n answering) | B86: =COUNTIFS(Responses!$C$2:$C$1000,$A$5,Responses!$K$2:$K$1000,"<>") -> 0 | C86: =COUNTIFS(Responses!$C$2:$C$1000,$A$6,Responses!$K$2:$K$1000,"<>") -> 0 | D86: =COUNTIFS(Responses!$C$2:$C$1000,$A$7,Responses!$K$2:$K$1000,"<>") -> 0 | E86: =COUNTIFS(Responses!$C$2:$C$1000,$A$8,Responses!$K$2:$K$1000,"<>") -> 0 | F86: =COUNTA(Responses!$K$2:$K$1000) -> 0
A87: Formal training | B87: =COUNTIFS(Responses!$K$2:$K$1000,$A87,Responses!$C$2:$C$1000,$A$5) -> 0 | C87: =COUNTIFS(Responses!$K$2:$K$1000,$A87,Responses!$C$2:$C$1000,$A$6) -> 0 | D87: =COUNTIFS(Responses!$K$2:$K$1000,$A87,Responses!$C$2:$C$1000,$A$7) -> 0 | E87: =COUNTIFS(Responses!$K$2:$K$1000,$A87,Responses!$C$2:$C$1000,$A$8) -> 0 | F87: =COUNTIF(Responses!$K$2:$K$1000,$A87) -> 0 | H87: =IF(B$86=0,"",B87/B$86) | I87: =IF(C$86=0,"",C87/C$86) | J87: =IF(D$86=0,"",D87/D$86) | K87: =IF(E$86=0,"",E87/E$86) | L87: =IF(F$86=0,"",F87/F$86) | M87: =IF(COUNT(H87:K87)<2,"",MAX(H87:K87)-MIN(H87:K87)) | N87: Q8 | O87: =IF(M87="","",M87+ROW()/1000000000) | P87: =IF(M87="","",INDEX($A$5:$A$8,MATCH(MAX(H87:K87),H87:K87,0))) | Q87: =IF(M87="","",INDEX($A$5:$A$8,MATCH(MIN(H87:K87),H87:K87,0)))
A88: Written policy or guidelines only | B88: =COUNTIFS(Responses!$K$2:$K$1000,$A88,Responses!$C$2:$C$1000,$A$5) -> 0 | C88: =COUNTIFS(Responses!$K$2:$K$1000,$A88,Responses!$C$2:$C$1000,$A$6) -> 0 | D88: =COUNTIFS(Responses!$K$2:$K$1000,$A88,Responses!$C$2:$C$1000,$A$7) -> 0 | E88: =COUNTIFS(Responses!$K$2:$K$1000,$A88,Responses!$C$2:$C$1000,$A$8) -> 0 | F88: =COUNTIF(Responses!$K$2:$K$1000,$A88) -> 0 | H88: =IF(B$86=0,"",B88/B$86) | I88: =IF(C$86=0,"",C88/C$86) | J88: =IF(D$86=0,"",D88/D$86) | K88: =IF(E$86=0,"",E88/E$86) | L88: =IF(F$86=0,"",F88/F$86) | M88: =IF(COUNT(H88:K88)<2,"",MAX(H88:K88)-MIN(H88:K88)) | N88: Q8 | O88: =IF(M88="","",M88+ROW()/1000000000) | P88: =IF(M88="","",INDEX($A$5:$A$8,MATCH(MAX(H88:K88),H88:K88,0))) | Q88: =IF(M88="","",INDEX($A$5:$A$8,MATCH(MIN(H88:K88),H88:K88,0)))
A89: Informal advice only | B89: =COUNTIFS(Responses!$K$2:$K$1000,$A89,Responses!$C$2:$C$1000,$A$5) -> 0 | C89: =COUNTIFS(Responses!$K$2:$K$1000,$A89,Responses!$C$2:$C$1000,$A$6) -> 0 | D89: =COUNTIFS(Responses!$K$2:$K$1000,$A89,Responses!$C$2:$C$1000,$A$7) -> 0 | E89: =COUNTIFS(Responses!$K$2:$K$1000,$A89,Responses!$C$2:$C$1000,$A$8) -> 0 | F89: =COUNTIF(Responses!$K$2:$K$1000,$A89) -> 0 | H89: =IF(B$86=0,"",B89/B$86) | I89: =IF(C$86=0,"",C89/C$86) | J89: =IF(D$86=0,"",D89/D$86) | K89: =IF(E$86=0,"",E89/E$86) | L89: =IF(F$86=0,"",F89/F$86) | M89: =IF(COUNT(H89:K89)<2,"",MAX(H89:K89)-MIN(H89:K89)) | N89: Q8 | O89: =IF(M89="","",M89+ROW()/1000000000) | P89: =IF(M89="","",INDEX($A$5:$A$8,MATCH(MAX(H89:K89),H89:K89,0))) | Q89: =IF(M89="","",INDEX($A$5:$A$8,MATCH(MIN(H89:K89),H89:K89,0)))
A90: No guidance at all | B90: =COUNTIFS(Responses!$K$2:$K$1000,$A90,Responses!$C$2:$C$1000,$A$5) -> 0 | C90: =COUNTIFS(Responses!$K$2:$K$1000,$A90,Responses!$C$2:$C$1000,$A$6) -> 0 | D90: =COUNTIFS(Responses!$K$2:$K$1000,$A90,Responses!$C$2:$C$1000,$A$7) -> 0 | E90: =COUNTIFS(Responses!$K$2:$K$1000,$A90,Responses!$C$2:$C$1000,$A$8) -> 0 | F90: =COUNTIF(Responses!$K$2:$K$1000,$A90) -> 0 | H90: =IF(B$86=0,"",B90/B$86) | I90: =IF(C$86=0,"",C90/C$86) | J90: =IF(D$86=0,"",D90/D$86) | K90: =IF(E$86=0,"",E90/E$86) | L90: =IF(F$86=0,"",F90/F$86) | M90: =IF(COUNT(H90:K90)<2,"",MAX(H90:K90)-MIN(H90:K90)) | N90: Q8 | O90: =IF(M90="","",M90+ROW()/1000000000) | P90: =IF(M90="","",INDEX($A$5:$A$8,MATCH(MAX(H90:K90),H90:K90,0))) | Q90: =IF(M90="","",INDEX($A$5:$A$8,MATCH(MIN(H90:K90),H90:K90,0)))
A93: Q9. Which best describes your employer's or school's current approach to AI tools?
A94: Base = respondents in the group who answered the question | B94: Count | H94: Column % (within group) | M94: Gap (max - min)
B95: =$A$5 -> Student only | C95: =$A$6 -> Employed only (full-time or part-time) | D95: =$A$7 -> Both student and employed | E95: =$A$8 -> Neither at the moment | F95: All | H95: =$A$5 -> Student only | I95: =$A$6 -> Employed only (full-time or part-time) | J95: =$A$7 -> Both student and employed | K95: =$A$8 -> Neither at the moment | L95: All
A96: Base (n answering) | B96: =COUNTIFS(Responses!$C$2:$C$1000,$A$5,Responses!$L$2:$L$1000,"<>") -> 0 | C96: =COUNTIFS(Responses!$C$2:$C$1000,$A$6,Responses!$L$2:$L$1000,"<>") -> 0 | D96: =COUNTIFS(Responses!$C$2:$C$1000,$A$7,Responses!$L$2:$L$1000,"<>") -> 0 | E96: =COUNTIFS(Responses!$C$2:$C$1000,$A$8,Responses!$L$2:$L$1000,"<>") -> 0 | F96: =COUNTA(Responses!$L$2:$L$1000) -> 0
A97: Encouraged and supported | B97: =COUNTIFS(Responses!$L$2:$L$1000,$A97,Responses!$C$2:$C$1000,$A$5) -> 0 | C97: =COUNTIFS(Responses!$L$2:$L$1000,$A97,Responses!$C$2:$C$1000,$A$6) -> 0 | D97: =COUNTIFS(Responses!$L$2:$L$1000,$A97,Responses!$C$2:$C$1000,$A$7) -> 0 | E97: =COUNTIFS(Responses!$L$2:$L$1000,$A97,Responses!$C$2:$C$1000,$A$8) -> 0 | F97: =COUNTIF(Responses!$L$2:$L$1000,$A97) -> 0 | H97: =IF(B$96=0,"",B97/B$96) | I97: =IF(C$96=0,"",C97/C$96) | J97: =IF(D$96=0,"",D97/D$96) | K97: =IF(E$96=0,"",E97/E$96) | L97: =IF(F$96=0,"",F97/F$96) | M97: =IF(COUNT(H97:K97)<2,"",MAX(H97:K97)-MIN(H97:K97)) | N97: Q9 | O97: =IF(M97="","",M97+ROW()/1000000000) | P97: =IF(M97="","",INDEX($A$5:$A$8,MATCH(MAX(H97:K97),H97:K97,0))) | Q97: =IF(M97="","",INDEX($A$5:$A$8,MATCH(MIN(H97:K97),H97:K97,0)))
A98: Allowed with rules | B98: =COUNTIFS(Responses!$L$2:$L$1000,$A98,Responses!$C$2:$C$1000,$A$5) -> 0 | C98: =COUNTIFS(Responses!$L$2:$L$1000,$A98,Responses!$C$2:$C$1000,$A$6) -> 0 | D98: =COUNTIFS(Responses!$L$2:$L$1000,$A98,Responses!$C$2:$C$1000,$A$7) -> 0 | E98: =COUNTIFS(Responses!$L$2:$L$1000,$A98,Responses!$C$2:$C$1000,$A$8) -> 0 | F98: =COUNTIF(Responses!$L$2:$L$1000,$A98) -> 0 | H98: =IF(B$96=0,"",B98/B$96) | I98: =IF(C$96=0,"",C98/C$96) | J98: =IF(D$96=0,"",D98/D$96) | K98: =IF(E$96=0,"",E98/E$96) | L98: =IF(F$96=0,"",F98/F$96) | M98: =IF(COUNT(H98:K98)<2,"",MAX(H98:K98)-MIN(H98:K98)) | N98: Q9 | O98: =IF(M98="","",M98+ROW()/1000000000) | P98: =IF(M98="","",INDEX($A$5:$A$8,MATCH(MAX(H98:K98),H98:K98,0))) | Q98: =IF(M98="","",INDEX($A$5:$A$8,MATCH(MIN(H98:K98),H98:K98,0)))
A99: Discouraged or restricted | B99: =COUNTIFS(Responses!$L$2:$L$1000,$A99,Responses!$C$2:$C$1000,$A$5) -> 0 | C99: =COUNTIFS(Responses!$L$2:$L$1000,$A99,Responses!$C$2:$C$1000,$A$6) -> 0 | D99: =COUNTIFS(Responses!$L$2:$L$1000,$A99,Responses!$C$2:$C$1000,$A$7) -> 0 | E99: =COUNTIFS(Responses!$L$2:$L$1000,$A99,Responses!$C$2:$C$1000,$A$8) -> 0 | F99: =COUNTIF(Responses!$L$2:$L$1000,$A99) -> 0 | H99: =IF(B$96=0,"",B99/B$96) | I99: =IF(C$96=0,"",C99/C$96) | J99: =IF(D$96=0,"",D99/D$96) | K99: =IF(E$96=0,"",E99/E$96) | L99: =IF(F$96=0,"",F99/F$96) | M99: =IF(COUNT(H99:K99)<2,"",MAX(H99:K99)-MIN(H99:K99)) | N99: Q9 | O99: =IF(M99="","",M99+ROW()/1000000000) | P99: =IF(M99="","",INDEX($A$5:$A$8,MATCH(MAX(H99:K99),H99:K99,0))) | Q99: =IF(M99="","",INDEX($A$5:$A$8,MATCH(MIN(H99:K99),H99:K99,0)))
A100: Banned | B100: =COUNTIFS(Responses!$L$2:$L$1000,$A100,Responses!$C$2:$C$1000,$A$5) -> 0 | C100: =COUNTIFS(Responses!$L$2:$L$1000,$A100,Responses!$C$2:$C$1000,$A$6) -> 0 | D100: =COUNTIFS(Responses!$L$2:$L$1000,$A100,Responses!$C$2:$C$1000,$A$7) -> 0 | E100: =COUNTIFS(Responses!$L$2:$L$1000,$A100,Responses!$C$2:$C$1000,$A$8) -> 0 | F100: =COUNTIF(Responses!$L$2:$L$1000,$A100) -> 0 | H100: =IF(B$96=0,"",B100/B$96) | I100: =IF(C$96=0,"",C100/C$96) | J100: =IF(D$96=0,"",D100/D$96) | K100: =IF(E$96=0,"",E100/E$96) | L100: =IF(F$96=0,"",F100/F$96) | M100: =IF(COUNT(H100:K100)<2,"",MAX(H100:K100)-MIN(H100:K100)) | N100: Q9 | O100: =IF(M100="","",M100+ROW()/1000000000) | P100: =IF(M100="","",INDEX($A$5:$A$8,MATCH(MAX(H100:K100),H100:K100,0))) | Q100: =IF(M100="","",INDEX($A$5:$A$8,MATCH(MIN(H100:K100),H100:K100,0)))
A101: Not sure or no policy | B101: =COUNTIFS(Responses!$L$2:$L$1000,$A101,Responses!$C$2:$C$1000,$A$5) -> 0 | C101: =COUNTIFS(Responses!$L$2:$L$1000,$A101,Responses!$C$2:$C$1000,$A$6) -> 0 | D101: =COUNTIFS(Responses!$L$2:$L$1000,$A101,Responses!$C$2:$C$1000,$A$7) -> 0 | E101: =COUNTIFS(Responses!$L$2:$L$1000,$A101,Responses!$C$2:$C$1000,$A$8) -> 0 | F101: =COUNTIF(Responses!$L$2:$L$1000,$A101) -> 0 | H101: =IF(B$96=0,"",B101/B$96) | I101: =IF(C$96=0,"",C101/C$96) | J101: =IF(D$96=0,"",D101/D$96) | K101: =IF(E$96=0,"",E101/E$96) | L101: =IF(F$96=0,"",F101/F$96) | M101: =IF(COUNT(H101:K101)<2,"",MAX(H101:K101)-MIN(H101:K101)) | N101: Q9 | O101: =IF(M101="","",M101+ROW()/1000000000) | P101: =IF(M101="","",INDEX($A$5:$A$8,MATCH(MAX(H101:K101),H101:K101,0))) | Q101: =IF(M101="","",INDEX($A$5:$A$8,MATCH(MIN(H101:K101),H101:K101,0)))
A104: Q10. What are the biggest barriers to using AI tools (more) in your work or study? Select up to 3.
A105: Base = respondents in the group who answered the question | B105: Count | H105: Column % (within group) | M105: Gap (max - min)
B106: =$A$5 -> Student only | C106: =$A$6 -> Employed only (full-time or part-time) | D106: =$A$7 -> Both student and employed | E106: =$A$8 -> Neither at the moment | F106: All | H106: =$A$5 -> Student only | I106: =$A$6 -> Employed only (full-time or part-time) | J106: =$A$7 -> Both student and employed | K106: =$A$8 -> Neither at the moment | L106: All
A107: Base (n answering) | B107: =COUNTIFS(Responses!$C$2:$C$1000,$A$5,Responses!$M$2:$M$1000,"<>") -> 0 | C107: =COUNTIFS(Responses!$C$2:$C$1000,$A$6,Responses!$M$2:$M$1000,"<>") -> 0 | D107: =COUNTIFS(Responses!$C$2:$C$1000,$A$7,Responses!$M$2:$M$1000,"<>") -> 0 | E107: =COUNTIFS(Responses!$C$2:$C$1000,$A$8,Responses!$M$2:$M$1000,"<>") -> 0 | F107: =COUNTA(Responses!$M$2:$M$1000) -> 0
A108: Concerns about accuracy | B108: =COUNTIFS(Responses!$M$2:$M$1000,"*"&$A108&"*",Responses!$C$2:$C$1000,$A$5) -> 0 | C108: =COUNTIFS(Responses!$M$2:$M$1000,"*"&$A108&"*",Responses!$C$2:$C$1000,$A$6) -> 0 | D108: =COUNTIFS(Responses!$M$2:$M$1000,"*"&$A108&"*",Responses!$C$2:$C$1000,$A$7) -> 0 | E108: =COUNTIFS(Responses!$M$2:$M$1000,"*"&$A108&"*",Responses!$C$2:$C$1000,$A$8) -> 0 | F108: =COUNTIF(Responses!$M$2:$M$1000,"*"&$A108&"*") -> 0 | H108: =IF(B$107=0,"",B108/B$107) | I108: =IF(C$107=0,"",C108/C$107) | J108: =IF(D$107=0,"",D108/D$107) | K108: =IF(E$107=0,"",E108/E$107) | L108: =IF(F$107=0,"",F108/F$107) | M108: =IF(COUNT(H108:K108)<2,"",MAX(H108:K108)-MIN(H108:K108)) | N108: Q10 | O108: =IF(M108="","",M108+ROW()/1000000000) | P108: =IF(M108="","",INDEX($A$5:$A$8,MATCH(MAX(H108:K108),H108:K108,0))) | Q108: =IF(M108="","",INDEX($A$5:$A$8,MATCH(MIN(H108:K108),H108:K108,0)))
A109: Data privacy or confidentiality concerns | B109: =COUNTIFS(Responses!$M$2:$M$1000,"*"&$A109&"*",Responses!$C$2:$C$1000,$A$5) -> 0 | C109: =COUNTIFS(Responses!$M$2:$M$1000,"*"&$A109&"*",Responses!$C$2:$C$1000,$A$6) -> 0 | D109: =COUNTIFS(Responses!$M$2:$M$1000,"*"&$A109&"*",Responses!$C$2:$C$1000,$A$7) -> 0 | E109: =COUNTIFS(Responses!$M$2:$M$1000,"*"&$A109&"*",Responses!$C$2:$C$1000,$A$8) -> 0 | F109: =COUNTIF(Responses!$M$2:$M$1000,"*"&$A109&"*") -> 0 | H109: =IF(B$107=0,"",B109/B$107) | I109: =IF(C$107=0,"",C109/C$107) | J109: =IF(D$107=0,"",D109/D$107) | K109: =IF(E$107=0,"",E109/E$107) | L109: =IF(F$107=0,"",F109/F$107) | M109: =IF(COUNT(H109:K109)<2,"",MAX(H109:K109)-MIN(H109:K109)) | N109: Q10 | O109: =IF(M109="","",M109+ROW()/1000000000) | P109: =IF(M109="","",INDEX($A$5:$A$8,MATCH(MAX(H109:K109),H109:K109,0))) | Q109: =IF(M109="","",INDEX($A$5:$A$8,MATCH(MIN(H109:K109),H109:K109,0)))
A110: Rules or policy restrictions | B110: =COUNTIFS(Responses!$M$2:$M$1000,"*"&$A110&"*",Responses!$C$2:$C$1000,$A$5) -> 0 | C110: =COUNTIFS(Responses!$M$2:$M$1000,"*"&$A110&"*",Responses!$C$2:$C$1000,$A$6) -> 0 | D110: =COUNTIFS(Responses!$M$2:$M$1000,"*"&$A110&"*",Responses!$C$2:$C$1000,$A$7) -> 0 | E110: =COUNTIFS(Responses!$M$2:$M$1000,"*"&$A110&"*",Responses!$C$2:$C$1000,$A$8) -> 0 | F110: =COUNTIF(Responses!$M$2:$M$1000,"*"&$A110&"*") -> 0 | H110: =IF(B$107=0,"",B110/B$107) | I110: =IF(C$107=0,"",C110/C$107) | J110: =IF(D$107=0,"",D110/D$107) | K110: =IF(E$107=0,"",E110/E$107) | L110: =IF(F$107=0,"",F110/F$107) | M110: =IF(COUNT(H110:K110)<2,"",MAX(H110:K110)-MIN(H110:K110)) | N110: Q10 | O110: =IF(M110="","",M110+ROW()/1000000000) | P110: =IF(M110="","",INDEX($A$5:$A$8,MATCH(MAX(H110:K110),H110:K110,0))) | Q110: =IF(M110="","",INDEX($A$5:$A$8,MATCH(MIN(H110:K110),H110:K110,0)))
A111: Lack of training or skills | B111: =COUNTIFS(Responses!$M$2:$M$1000,"*"&$A111&"*",Responses!$C$2:$C$1000,$A$5) -> 0 | C111: =COUNTIFS(Responses!$M$2:$M$1000,"*"&$A111&"*",Responses!$C$2:$C$1000,$A$6) -> 0 | D111: =COUNTIFS(Responses!$M$2:$M$1000,"*"&$A111&"*",Responses!$C$2:$C$1000,$A$7) -> 0 | E111: =COUNTIFS(Responses!$M$2:$M$1000,"*"&$A111&"*",Responses!$C$2:$C$1000,$A$8) -> 0 | F111: =COUNTIF(Responses!$M$2:$M$1000,"*"&$A111&"*") -> 0 | H111: =IF(B$107=0,"",B111/B$107) | I111: =IF(C$107=0,"",C111/C$107) | J111: =IF(D$107=0,"",D111/D$107) | K111: =IF(E$107=0,"",E111/E$107) | L111: =IF(F$107=0,"",F111/F$107) | M111: =IF(COUNT(H111:K111)<2,"",MAX(H111:K111)-MIN(H111:K111)) | N111: Q10 | O111: =IF(M111="","",M111+ROW()/1000000000) | P111: =IF(M111="","",INDEX($A$5:$A$8,MATCH(MAX(H111:K111),H111:K111,0))) | Q111: =IF(M111="","",INDEX($A$5:$A$8,MATCH(MIN(H111:K111),H111:K111,0)))
A112: Cost of tools | B112: =COUNTIFS(Responses!$M$2:$M$1000,"*"&$A112&"*",Responses!$C$2:$C$1000,$A$5) -> 0 | C112: =COUNTIFS(Responses!$M$2:$M$1000,"*"&$A112&"*",Responses!$C$2:$C$1000,$A$6) -> 0 | D112: =COUNTIFS(Responses!$M$2:$M$1000,"*"&$A112&"*",Responses!$C$2:$C$1000,$A$7) -> 0 | E112: =COUNTIFS(Responses!$M$2:$M$1000,"*"&$A112&"*",Responses!$C$2:$C$1000,$A$8) -> 0 | F112: =COUNTIF(Responses!$M$2:$M$1000,"*"&$A112&"*") -> 0 | H112: =IF(B$107=0,"",B112/B$107) | I112: =IF(C$107=0,"",C112/C$107) | J112: =IF(D$107=0,"",D112/D$107) | K112: =IF(E$107=0,"",E112/E$107) | L112: =IF(F$107=0,"",F112/F$107) | M112: =IF(COUNT(H112:K112)<2,"",MAX(H112:K112)-MIN(H112:K112)) | N112: Q10 | O112: =IF(M112="","",M112+ROW()/1000000000) | P112: =IF(M112="","",INDEX($A$5:$A$8,MATCH(MAX(H112:K112),H112:K112,0))) | Q112: =IF(M112="","",INDEX($A$5:$A$8,MATCH(MIN(H112:K112),H112:K112,0)))
A113: Academic or professional integrity concerns | B113: =COUNTIFS(Responses!$M$2:$M$1000,"*"&$A113&"*",Responses!$C$2:$C$1000,$A$5) -> 0 | C113: =COUNTIFS(Responses!$M$2:$M$1000,"*"&$A113&"*",Responses!$C$2:$C$1000,$A$6) -> 0 | D113: =COUNTIFS(Responses!$M$2:$M$1000,"*"&$A113&"*",Responses!$C$2:$C$1000,$A$7) -> 0 | E113: =COUNTIFS(Responses!$M$2:$M$1000,"*"&$A113&"*",Responses!$C$2:$C$1000,$A$8) -> 0 | F113: =COUNTIF(Responses!$M$2:$M$1000,"*"&$A113&"*") -> 0 | H113: =IF(B$107=0,"",B113/B$107) | I113: =IF(C$107=0,"",C113/C$107) | J113: =IF(D$107=0,"",D113/D$107) | K113: =IF(E$107=0,"",E113/E$107) | L113: =IF(F$107=0,"",F113/F$107) | M113: =IF(COUNT(H113:K113)<2,"",MAX(H113:K113)-MIN(H113:K113)) | N113: Q10 | O113: =IF(M113="","",M113+ROW()/1000000000) | P113: =IF(M113="","",INDEX($A$5:$A$8,MATCH(MAX(H113:K113),H113:K113,0))) | Q113: =IF(M113="","",INDEX($A$5:$A$8,MATCH(MIN(H113:K113),H113:K113,0)))
A114: I do not see a need | B114: =COUNTIFS(Responses!$M$2:$M$1000,"*"&$A114&"*",Responses!$C$2:$C$1000,$A$5) -> 0 | C114: =COUNTIFS(Responses!$M$2:$M$1000,"*"&$A114&"*",Responses!$C$2:$C$1000,$A$6) -> 0 | D114: =COUNTIFS(Responses!$M$2:$M$1000,"*"&$A114&"*",Responses!$C$2:$C$1000,$A$7) -> 0 | E114: =COUNTIFS(Responses!$M$2:$M$1000,"*"&$A114&"*",Responses!$C$2:$C$1000,$A$8) -> 0 | F114: =COUNTIF(Responses!$M$2:$M$1000,"*"&$A114&"*") -> 0 | H114: =IF(B$107=0,"",B114/B$107) | I114: =IF(C$107=0,"",C114/C$107) | J114: =IF(D$107=0,"",D114/D$107) | K114: =IF(E$107=0,"",E114/E$107) | L114: =IF(F$107=0,"",F114/F$107) | M114: =IF(COUNT(H114:K114)<2,"",MAX(H114:K114)-MIN(H114:K114)) | N114: Q10 | O114: =IF(M114="","",M114+ROW()/1000000000) | P114: =IF(M114="","",INDEX($A$5:$A$8,MATCH(MAX(H114:K114),H114:K114,0))) | Q114: =IF(M114="","",INDEX($A$5:$A$8,MATCH(MIN(H114:K114),H114:K114,0)))
A117: Q11. "AI will reduce job opportunities in my field over the next 5 years." How much do you agree?
A118: Base = respondents in the group who answered the question | B118: Count | H118: Column % (within group) | M118: Gap (max - min)
B119: =$A$5 -> Student only | C119: =$A$6 -> Employed only (full-time or part-time) | D119: =$A$7 -> Both student and employed | E119: =$A$8 -> Neither at the moment | F119: All | H119: =$A$5 -> Student only | I119: =$A$6 -> Employed only (full-time or part-time) | J119: =$A$7 -> Both student and employed | K119: =$A$8 -> Neither at the moment | L119: All
A120: Base (n answering) | B120: =COUNTIFS(Responses!$C$2:$C$1000,$A$5,Responses!$N$2:$N$1000,"<>") -> 0 | C120: =COUNTIFS(Responses!$C$2:$C$1000,$A$6,Responses!$N$2:$N$1000,"<>") -> 0 | D120: =COUNTIFS(Responses!$C$2:$C$1000,$A$7,Responses!$N$2:$N$1000,"<>") -> 0 | E120: =COUNTIFS(Responses!$C$2:$C$1000,$A$8,Responses!$N$2:$N$1000,"<>") -> 0 | F120: =COUNTA(Responses!$N$2:$N$1000) -> 0
A121: Rated 4 or 5 (high) | B121: =COUNTIFS(Responses!$N$2:$N$1000,">=4",Responses!$C$2:$C$1000,$A$5) -> 0 | C121: =COUNTIFS(Responses!$N$2:$N$1000,">=4",Responses!$C$2:$C$1000,$A$6) -> 0 | D121: =COUNTIFS(Responses!$N$2:$N$1000,">=4",Responses!$C$2:$C$1000,$A$7) -> 0 | E121: =COUNTIFS(Responses!$N$2:$N$1000,">=4",Responses!$C$2:$C$1000,$A$8) -> 0 | F121: =COUNTIF(Responses!$N$2:$N$1000,">=4") -> 0 | H121: =IF(B$120=0,"",B121/B$120) | I121: =IF(C$120=0,"",C121/C$120) | J121: =IF(D$120=0,"",D121/D$120) | K121: =IF(E$120=0,"",E121/E$120) | L121: =IF(F$120=0,"",F121/F$120) | M121: =IF(COUNT(H121:K121)<2,"",MAX(H121:K121)-MIN(H121:K121)) | N121: Q11 | O121: =IF(M121="","",M121+ROW()/1000000000) | P121: =IF(M121="","",INDEX($A$5:$A$8,MATCH(MAX(H121:K121),H121:K121,0))) | Q121: =IF(M121="","",INDEX($A$5:$A$8,MATCH(MIN(H121:K121),H121:K121,0)))
A122: Mean rating (1 to 5) | H122: =IFERROR(AVERAGEIFS(Responses!$N$2:$N$1000,Responses!$C$2:$C$1000,$A$5),"") | I122: =IFERROR(AVERAGEIFS(Responses!$N$2:$N$1000,Responses!$C$2:$C$1000,$A$6),"") | J122: =IFERROR(AVERAGEIFS(Responses!$N$2:$N$1000,Responses!$C$2:$C$1000,$A$7),"") | K122: =IFERROR(AVERAGEIFS(Responses!$N$2:$N$1000,Responses!$C$2:$C$1000,$A$8),"") | L122: =IFERROR(AVERAGE(Responses!$N$2:$N$1000),"") | M122: =IF(COUNT(H122:K122)<2,"",MAX(H122:K122)-MIN(H122:K122))
...

Sheet XTab_Guidance
A1: Cross-tabs by guidance received (Q8)
A2: Extra lens: does guidance received (Q8) go with confidence (Q7), speed/quality (Q6) and barriers (Q10)?
A4: Group | B4: n | C4: % of sample | D4: Flag
A5: Formal training | B5: =COUNTIF(Responses!$K$2:$K$1000,A5) -> 0 | C5: =IF(Start_Here!$C$19=0,"",B5/Start_Here!$C$19) | D5: =IF(B5<Start_Here!$C$15,"small n","") -> small n
A6: Written policy or guidelines only | B6: =COUNTIF(Responses!$K$2:$K$1000,A6) -> 0 | C6: =IF(Start_Here!$C$19=0,"",B6/Start_Here!$C$19) | D6: =IF(B6<Start_Here!$C$15,"small n","") -> small n
A7: Informal advice only | B7: =COUNTIF(Responses!$K$2:$K$1000,A7) -> 0 | C7: =IF(Start_Here!$C$19=0,"",B7/Start_Here!$C$19) | D7: =IF(B7<Start_Here!$C$15,"small n","") -> small n
A8: No guidance at all | B8: =COUNTIF(Responses!$K$2:$K$1000,A8) -> 0 | C8: =IF(Start_Here!$C$19=0,"",B8/Start_Here!$C$19) | D8: =IF(B8<Start_Here!$C$15,"small n","") -> small n
A10: Largest differences between groups (top 5, in percentage points)
A11: Row (question / option) | B11: Qn | C11: Gap | D11: Highest group | H11: Lowest group | L11: (row ref)
A12: =IF(L12="","",INDEX($A$21:$A$147,L12)) | B12: =IF(L12="","",INDEX($N$21:$N$147,L12)) | C12: =IF(L12="","",INDEX($M$21:$M$147,L12)) | D12: =IF(L12="","",INDEX($P$21:$P$147,L12)) | H12: =IF(L12="","",INDEX($Q$21:$Q$147,L12)) | L12: =IFERROR(MATCH(LARGE($O$21:$O$147,1),$O$21:$O$147,0),"")
A13: =IF(L13="","",INDEX($A$21:$A$147,L13)) | B13: =IF(L13="","",INDEX($N$21:$N$147,L13)) | C13: =IF(L13="","",INDEX($M$21:$M$147,L13)) | D13: =IF(L13="","",INDEX($P$21:$P$147,L13)) | H13: =IF(L13="","",INDEX($Q$21:$Q$147,L13)) | L13: =IFERROR(MATCH(LARGE($O$21:$O$147,2),$O$21:$O$147,0),"")
A14: =IF(L14="","",INDEX($A$21:$A$147,L14)) | B14: =IF(L14="","",INDEX($N$21:$N$147,L14)) | C14: =IF(L14="","",INDEX($M$21:$M$147,L14)) | D14: =IF(L14="","",INDEX($P$21:$P$147,L14)) | H14: =IF(L14="","",INDEX($Q$21:$Q$147,L14)) | L14: =IFERROR(MATCH(LARGE($O$21:$O$147,3),$O$21:$O$147,0),"")
A15: =IF(L15="","",INDEX($A$21:$A$147,L15)) | B15: =IF(L15="","",INDEX($N$21:$N$147,L15)) | C15: =IF(L15="","",INDEX($M$21:$M$147,L15)) | D15: =IF(L15="","",INDEX($P$21:$P$147,L15)) | H15: =IF(L15="","",INDEX($Q$21:$Q$147,L15)) | L15: =IFERROR(MATCH(LARGE($O$21:$O$147,4),$O$21:$O$147,0),"")
A16: =IF(L16="","",INDEX($A$21:$A$147,L16)) | B16: =IF(L16="","",INDEX($N$21:$N$147,L16)) | C16: =IF(L16="","",INDEX($M$21:$M$147,L16)) | D16: =IF(L16="","",INDEX($P$21:$P$147,L16)) | H16: =IF(L16="","",INDEX($Q$21:$Q$147,L16)) | L16: =IFERROR(MATCH(LARGE($O$21:$O$147,5),$O$21:$O$147,0),"")
A17: A big gap with tiny groups is noise, not a finding. Check the red 'small n' flags above and the Base row of the block before you rely on a gap.
A18: Rows with a gap are highlighted amber when the gap reaches the threshold set on Start_Here. (Columns N to Q hold hidden helper formulas for this table.)
A21: Q1. Which age group are you in?
A22: Base = respondents in the group who answered the question | B22: Count | H22: Column % (within group) | M22: Gap (max - min)
B23: =$A$5 -> Formal training | C23: =$A$6 -> Written policy or guidelines only | D23: =$A$7 -> Informal advice only | E23: =$A$8 -> No guidance at all | F23: All | H23: =$A$5 -> Formal training | I23: =$A$6 -> Written policy or guidelines only | J23: =$A$7 -> Informal advice only | K23: =$A$8 -> No guidance at all | L23: All
A24: Base (n answering) | B24: =COUNTIFS(Responses!$K$2:$K$1000,$A$5,Responses!$B$2:$B$1000,"<>") -> 0 | C24: =COUNTIFS(Responses!$K$2:$K$1000,$A$6,Responses!$B$2:$B$1000,"<>") -> 0 | D24: =COUNTIFS(Responses!$K$2:$K$1000,$A$7,Responses!$B$2:$B$1000,"<>") -> 0 | E24: =COUNTIFS(Responses!$K$2:$K$1000,$A$8,Responses!$B$2:$B$1000,"<>") -> 0 | F24: =COUNTA(Responses!$B$2:$B$1000) -> 0
A25: 18 to 24 | B25: =COUNTIFS(Responses!$B$2:$B$1000,$A25,Responses!$K$2:$K$1000,$A$5) -> 0 | C25: =COUNTIFS(Responses!$B$2:$B$1000,$A25,Responses!$K$2:$K$1000,$A$6) -> 0 | D25: =COUNTIFS(Responses!$B$2:$B$1000,$A25,Responses!$K$2:$K$1000,$A$7) -> 0 | E25: =COUNTIFS(Responses!$B$2:$B$1000,$A25,Responses!$K$2:$K$1000,$A$8) -> 0 | F25: =COUNTIF(Responses!$B$2:$B$1000,$A25) -> 0 | H25: =IF(B$24=0,"",B25/B$24) | I25: =IF(C$24=0,"",C25/C$24) | J25: =IF(D$24=0,"",D25/D$24) | K25: =IF(E$24=0,"",E25/E$24) | L25: =IF(F$24=0,"",F25/F$24) | M25: =IF(COUNT(H25:K25)<2,"",MAX(H25:K25)-MIN(H25:K25)) | N25: Q1 | O25: =IF(M25="","",M25+ROW()/1000000000) | P25: =IF(M25="","",INDEX($A$5:$A$8,MATCH(MAX(H25:K25),H25:K25,0))) | Q25: =IF(M25="","",INDEX($A$5:$A$8,MATCH(MIN(H25:K25),H25:K25,0)))
A26: 25 to 34 | B26: =COUNTIFS(Responses!$B$2:$B$1000,$A26,Responses!$K$2:$K$1000,$A$5) -> 0 | C26: =COUNTIFS(Responses!$B$2:$B$1000,$A26,Responses!$K$2:$K$1000,$A$6) -> 0 | D26: =COUNTIFS(Responses!$B$2:$B$1000,$A26,Responses!$K$2:$K$1000,$A$7) -> 0 | E26: =COUNTIFS(Responses!$B$2:$B$1000,$A26,Responses!$K$2:$K$1000,$A$8) -> 0 | F26: =COUNTIF(Responses!$B$2:$B$1000,$A26) -> 0 | H26: =IF(B$24=0,"",B26/B$24) | I26: =IF(C$24=0,"",C26/C$24) | J26: =IF(D$24=0,"",D26/D$24) | K26: =IF(E$24=0,"",E26/E$24) | L26: =IF(F$24=0,"",F26/F$24) | M26: =IF(COUNT(H26:K26)<2,"",MAX(H26:K26)-MIN(H26:K26)) | N26: Q1 | O26: =IF(M26="","",M26+ROW()/1000000000) | P26: =IF(M26="","",INDEX($A$5:$A$8,MATCH(MAX(H26:K26),H26:K26,0))) | Q26: =IF(M26="","",INDEX($A$5:$A$8,MATCH(MIN(H26:K26),H26:K26,0)))
A27: 35 to 44 | B27: =COUNTIFS(Responses!$B$2:$B$1000,$A27,Responses!$K$2:$K$1000,$A$5) -> 0 | C27: =COUNTIFS(Responses!$B$2:$B$1000,$A27,Responses!$K$2:$K$1000,$A$6) -> 0 | D27: =COUNTIFS(Responses!$B$2:$B$1000,$A27,Responses!$K$2:$K$1000,$A$7) -> 0 | E27: =COUNTIFS(Responses!$B$2:$B$1000,$A27,Responses!$K$2:$K$1000,$A$8) -> 0 | F27: =COUNTIF(Responses!$B$2:$B$1000,$A27) -> 0 | H27: =IF(B$24=0,"",B27/B$24) | I27: =IF(C$24=0,"",C27/C$24) | J27: =IF(D$24=0,"",D27/D$24) | K27: =IF(E$24=0,"",E27/E$24) | L27: =IF(F$24=0,"",F27/F$24) | M27: =IF(COUNT(H27:K27)<2,"",MAX(H27:K27)-MIN(H27:K27)) | N27: Q1 | O27: =IF(M27="","",M27+ROW()/1000000000) | P27: =IF(M27="","",INDEX($A$5:$A$8,MATCH(MAX(H27:K27),H27:K27,0))) | Q27: =IF(M27="","",INDEX($A$5:$A$8,MATCH(MIN(H27:K27),H27:K27,0)))
A28: 45 or older | B28: =COUNTIFS(Responses!$B$2:$B$1000,$A28,Responses!$K$2:$K$1000,$A$5) -> 0 | C28: =COUNTIFS(Responses!$B$2:$B$1000,$A28,Responses!$K$2:$K$1000,$A$6) -> 0 | D28: =COUNTIFS(Responses!$B$2:$B$1000,$A28,Responses!$K$2:$K$1000,$A$7) -> 0 | E28: =COUNTIFS(Responses!$B$2:$B$1000,$A28,Responses!$K$2:$K$1000,$A$8) -> 0 | F28: =COUNTIF(Responses!$B$2:$B$1000,$A28) -> 0 | H28: =IF(B$24=0,"",B28/B$24) | I28: =IF(C$24=0,"",C28/C$24) | J28: =IF(D$24=0,"",D28/D$24) | K28: =IF(E$24=0,"",E28/E$24) | L28: =IF(F$24=0,"",F28/F$24) | M28: =IF(COUNT(H28:K28)<2,"",MAX(H28:K28)-MIN(H28:K28)) | N28: Q1 | O28: =IF(M28="","",M28+ROW()/1000000000) | P28: =IF(M28="","",INDEX($A$5:$A$8,MATCH(MAX(H28:K28),H28:K28,0))) | Q28: =IF(M28="","",INDEX($A$5:$A$8,MATCH(MIN(H28:K28),H28:K28,0)))
A31: Q2. Which best describes what you do right now?
A32: Base = respondents in the group who answered the question | B32: Count | H32: Column % (within group) | M32: Gap (max - min)
B33: =$A$5 -> Formal training | C33: =$A$6 -> Written policy or guidelines only | D33: =$A$7 -> Informal advice only | E33: =$A$8 -> No guidance at all | F33: All | H33: =$A$5 -> Formal training | I33: =$A$6 -> Written policy or guidelines only | J33: =$A$7 -> Informal advice only | K33: =$A$8 -> No guidance at all | L33: All
A34: Base (n answering) | B34: =COUNTIFS(Responses!$K$2:$K$1000,$A$5,Responses!$C$2:$C$1000,"<>") -> 0 | C34: =COUNTIFS(Responses!$K$2:$K$1000,$A$6,Responses!$C$2:$C$1000,"<>") -> 0 | D34: =COUNTIFS(Responses!$K$2:$K$1000,$A$7,Responses!$C$2:$C$1000,"<>") -> 0 | E34: =COUNTIFS(Responses!$K$2:$K$1000,$A$8,Responses!$C$2:$C$1000,"<>") -> 0 | F34: =COUNTA(Responses!$C$2:$C$1000) -> 0
A35: Student only | B35: =COUNTIFS(Responses!$C$2:$C$1000,$A35,Responses!$K$2:$K$1000,$A$5) -> 0 | C35: =COUNTIFS(Responses!$C$2:$C$1000,$A35,Responses!$K$2:$K$1000,$A$6) -> 0 | D35: =COUNTIFS(Responses!$C$2:$C$1000,$A35,Responses!$K$2:$K$1000,$A$7) -> 0 | E35: =COUNTIFS(Responses!$C$2:$C$1000,$A35,Responses!$K$2:$K$1000,$A$8) -> 0 | F35: =COUNTIF(Responses!$C$2:$C$1000,$A35) -> 0 | H35: =IF(B$34=0,"",B35/B$34) | I35: =IF(C$34=0,"",C35/C$34) | J35: =IF(D$34=0,"",D35/D$34) | K35: =IF(E$34=0,"",E35/E$34) | L35: =IF(F$34=0,"",F35/F$34) | M35: =IF(COUNT(H35:K35)<2,"",MAX(H35:K35)-MIN(H35:K35)) | N35: Q2 | O35: =IF(M35="","",M35+ROW()/1000000000) | P35: =IF(M35="","",INDEX($A$5:$A$8,MATCH(MAX(H35:K35),H35:K35,0))) | Q35: =IF(M35="","",INDEX($A$5:$A$8,MATCH(MIN(H35:K35),H35:K35,0)))
A36: Employed only (full-time or part-time) | B36: =COUNTIFS(Responses!$C$2:$C$1000,$A36,Responses!$K$2:$K$1000,$A$5) -> 0 | C36: =COUNTIFS(Responses!$C$2:$C$1000,$A36,Responses!$K$2:$K$1000,$A$6) -> 0 | D36: =COUNTIFS(Responses!$C$2:$C$1000,$A36,Responses!$K$2:$K$1000,$A$7) -> 0 | E36: =COUNTIFS(Responses!$C$2:$C$1000,$A36,Responses!$K$2:$K$1000,$A$8) -> 0 | F36: =COUNTIF(Responses!$C$2:$C$1000,$A36) -> 0 | H36: =IF(B$34=0,"",B36/B$34) | I36: =IF(C$34=0,"",C36/C$34) | J36: =IF(D$34=0,"",D36/D$34) | K36: =IF(E$34=0,"",E36/E$34) | L36: =IF(F$34=0,"",F36/F$34) | M36: =IF(COUNT(H36:K36)<2,"",MAX(H36:K36)-MIN(H36:K36)) | N36: Q2 | O36: =IF(M36="","",M36+ROW()/1000000000) | P36: =IF(M36="","",INDEX($A$5:$A$8,MATCH(MAX(H36:K36),H36:K36,0))) | Q36: =IF(M36="","",INDEX($A$5:$A$8,MATCH(MIN(H36:K36),H36:K36,0)))
A37: Both student and employed | B37: =COUNTIFS(Responses!$C$2:$C$1000,$A37,Responses!$K$2:$K$1000,$A$5) -> 0 | C37: =COUNTIFS(Responses!$C$2:$C$1000,$A37,Responses!$K$2:$K$1000,$A$6) -> 0 | D37: =COUNTIFS(Responses!$C$2:$C$1000,$A37,Responses!$K$2:$K$1000,$A$7) -> 0 | E37: =COUNTIFS(Responses!$C$2:$C$1000,$A37,Responses!$K$2:$K$1000,$A$8) -> 0 | F37: =COUNTIF(Responses!$C$2:$C$1000,$A37) -> 0 | H37: =IF(B$34=0,"",B37/B$34) | I37: =IF(C$34=0,"",C37/C$34) | J37: =IF(D$34=0,"",D37/D$34) | K37: =IF(E$34=0,"",E37/E$34) | L37: =IF(F$34=0,"",F37/F$34) | M37: =IF(COUNT(H37:K37)<2,"",MAX(H37:K37)-MIN(H37:K37)) | N37: Q2 | O37: =IF(M37="","",M37+ROW()/1000000000) | P37: =IF(M37="","",INDEX($A$5:$A$8,MATCH(MAX(H37:K37),H37:K37,0))) | Q37: =IF(M37="","",INDEX($A$5:$A$8,MATCH(MIN(H37:K37),H37:K37,0)))
A38: Neither at the moment | B38: =COUNTIFS(Responses!$C$2:$C$1000,$A38,Responses!$K$2:$K$1000,$A$5) -> 0 | C38: =COUNTIFS(Responses!$C$2:$C$1000,$A38,Responses!$K$2:$K$1000,$A$6) -> 0 | D38: =COUNTIFS(Responses!$C$2:$C$1000,$A38,Responses!$K$2:$K$1000,$A$7) -> 0 | E38: =COUNTIFS(Responses!$C$2:$C$1000,$A38,Responses!$K$2:$K$1000,$A$8) -> 0 | F38: =COUNTIF(Responses!$C$2:$C$1000,$A38) -> 0 | H38: =IF(B$34=0,"",B38/B$34) | I38: =IF(C$34=0,"",C38/C$34) | J38: =IF(D$34=0,"",D38/D$34) | K38: =IF(E$34=0,"",E38/E$34) | L38: =IF(F$34=0,"",F38/F$34) | M38: =IF(COUNT(H38:K38)<2,"",MAX(H38:K38)-MIN(H38:K38)) | N38: Q2 | O38: =IF(M38="","",M38+ROW()/1000000000) | P38: =IF(M38="","",INDEX($A$5:$A$8,MATCH(MAX(H38:K38),H38:K38,0))) | Q38: =IF(M38="","",INDEX($A$5:$A$8,MATCH(MIN(H38:K38),H38:K38,0)))
A41: Q3. How often do you use generative AI tools (for example ChatGPT, Copilot, Gemini or Claude) for work or study?
A42: Base = respondents in the group who answered the question | B42: Count | H42: Column % (within group) | M42: Gap (max - min)
B43: =$A$5 -> Formal training | C43: =$A$6 -> Written policy or guidelines only | D43: =$A$7 -> Informal advice only | E43: =$A$8 -> No guidance at all | F43: All | H43: =$A$5 -> Formal training | I43: =$A$6 -> Written policy or guidelines only | J43: =$A$7 -> Informal advice only | K43: =$A$8 -> No guidance at all | L43: All
A44: Base (n answering) | B44: =COUNTIFS(Responses!$K$2:$K$1000,$A$5,Responses!$D$2:$D$1000,"<>") -> 0 | C44: =COUNTIFS(Responses!$K$2:$K$1000,$A$6,Responses!$D$2:$D$1000,"<>") -> 0 | D44: =COUNTIFS(Responses!$K$2:$K$1000,$A$7,Responses!$D$2:$D$1000,"<>") -> 0 | E44: =COUNTIFS(Responses!$K$2:$K$1000,$A$8,Responses!$D$2:$D$1000,"<>") -> 0 | F44: =COUNTA(Responses!$D$2:$D$1000) -> 0
A45: Never | B45: =COUNTIFS(Responses!$D$2:$D$1000,$A45,Responses!$K$2:$K$1000,$A$5) -> 0 | C45: =COUNTIFS(Responses!$D$2:$D$1000,$A45,Responses!$K$2:$K$1000,$A$6) -> 0 | D45: =COUNTIFS(Responses!$D$2:$D$1000,$A45,Responses!$K$2:$K$1000,$A$7) -> 0 | E45: =COUNTIFS(Responses!$D$2:$D$1000,$A45,Responses!$K$2:$K$1000,$A$8) -> 0 | F45: =COUNTIF(Responses!$D$2:$D$1000,$A45) -> 0 | H45: =IF(B$44=0,"",B45/B$44) | I45: =IF(C$44=0,"",C45/C$44) | J45: =IF(D$44=0,"",D45/D$44) | K45: =IF(E$44=0,"",E45/E$44) | L45: =IF(F$44=0,"",F45/F$44) | M45: =IF(COUNT(H45:K45)<2,"",MAX(H45:K45)-MIN(H45:K45)) | N45: Q3 | O45: =IF(M45="","",M45+ROW()/1000000000) | P45: =IF(M45="","",INDEX($A$5:$A$8,MATCH(MAX(H45:K45),H45:K45,0))) | Q45: =IF(M45="","",INDEX($A$5:$A$8,MATCH(MIN(H45:K45),H45:K45,0)))
A46: Less than once a month | B46: =COUNTIFS(Responses!$D$2:$D$1000,$A46,Responses!$K$2:$K$1000,$A$5) -> 0 | C46: =COUNTIFS(Responses!$D$2:$D$1000,$A46,Responses!$K$2:$K$1000,$A$6) -> 0 | D46: =COUNTIFS(Responses!$D$2:$D$1000,$A46,Responses!$K$2:$K$1000,$A$7) -> 0 | E46: =COUNTIFS(Responses!$D$2:$D$1000,$A46,Responses!$K$2:$K$1000,$A$8) -> 0 | F46: =COUNTIF(Responses!$D$2:$D$1000,$A46) -> 0 | H46: =IF(B$44=0,"",B46/B$44) | I46: =IF(C$44=0,"",C46/C$44) | J46: =IF(D$44=0,"",D46/D$44) | K46: =IF(E$44=0,"",E46/E$44) | L46: =IF(F$44=0,"",F46/F$44) | M46: =IF(COUNT(H46:K46)<2,"",MAX(H46:K46)-MIN(H46:K46)) | N46: Q3 | O46: =IF(M46="","",M46+ROW()/1000000000) | P46: =IF(M46="","",INDEX($A$5:$A$8,MATCH(MAX(H46:K46),H46:K46,0))) | Q46: =IF(M46="","",INDEX($A$5:$A$8,MATCH(MIN(H46:K46),H46:K46,0)))
A47: A few times a month | B47: =COUNTIFS(Responses!$D$2:$D$1000,$A47,Responses!$K$2:$K$1000,$A$5) -> 0 | C47: =COUNTIFS(Responses!$D$2:$D$1000,$A47,Responses!$K$2:$K$1000,$A$6) -> 0 | D47: =COUNTIFS(Responses!$D$2:$D$1000,$A47,Responses!$K$2:$K$1000,$A$7) -> 0 | E47: =COUNTIFS(Responses!$D$2:$D$1000,$A47,Responses!$K$2:$K$1000,$A$8) -> 0 | F47: =COUNTIF(Responses!$D$2:$D$1000,$A47) -> 0 | H47: =IF(B$44=0,"",B47/B$44) | I47: =IF(C$44=0,"",C47/C$44) | J47: =IF(D$44=0,"",D47/D$44) | K47: =IF(E$44=0,"",E47/E$44) | L47: =IF(F$44=0,"",F47/F$44) | M47: =IF(COUNT(H47:K47)<2,"",MAX(H47:K47)-MIN(H47:K47)) | N47: Q3 | O47: =IF(M47="","",M47+ROW()/1000000000) | P47: =IF(M47="","",INDEX($A$5:$A$8,MATCH(MAX(H47:K47),H47:K47,0))) | Q47: =IF(M47="","",INDEX($A$5:$A$8,MATCH(MIN(H47:K47),H47:K47,0)))
A48: A few times a week | B48: =COUNTIFS(Responses!$D$2:$D$1000,$A48,Responses!$K$2:$K$1000,$A$5) -> 0 | C48: =COUNTIFS(Responses!$D$2:$D$1000,$A48,Responses!$K$2:$K$1000,$A$6) -> 0 | D48: =COUNTIFS(Responses!$D$2:$D$1000,$A48,Responses!$K$2:$K$1000,$A$7) -> 0 | E48: =COUNTIFS(Responses!$D$2:$D$1000,$A48,Responses!$K$2:$K$1000,$A$8) -> 0 | F48: =COUNTIF(Responses!$D$2:$D$1000,$A48) -> 0 | H48: =IF(B$44=0,"",B48/B$44) | I48: =IF(C$44=0,"",C48/C$44) | J48: =IF(D$44=0,"",D48/D$44) | K48: =IF(E$44=0,"",E48/E$44) | L48: =IF(F$44=0,"",F48/F$44) | M48: =IF(COUNT(H48:K48)<2,"",MAX(H48:K48)-MIN(H48:K48)) | N48: Q3 | O48: =IF(M48="","",M48+ROW()/1000000000) | P48: =IF(M48="","",INDEX($A$5:$A$8,MATCH(MAX(H48:K48),H48:K48,0))) | Q48: =IF(M48="","",INDEX($A$5:$A$8,MATCH(MIN(H48:K48),H48:K48,0)))
A49: Daily | B49: =COUNTIFS(Responses!$D$2:$D$1000,$A49,Responses!$K$2:$K$1000,$A$5) -> 0 | C49: =COUNTIFS(Responses!$D$2:$D$1000,$A49,Responses!$K$2:$K$1000,$A$6) -> 0 | D49: =COUNTIFS(Responses!$D$2:$D$1000,$A49,Responses!$K$2:$K$1000,$A$7) -> 0 | E49: =COUNTIFS(Responses!$D$2:$D$1000,$A49,Responses!$K$2:$K$1000,$A$8) -> 0 | F49: =COUNTIF(Responses!$D$2:$D$1000,$A49) -> 0 | H49: =IF(B$44=0,"",B49/B$44) | I49: =IF(C$44=0,"",C49/C$44) | J49: =IF(D$44=0,"",D49/D$44) | K49: =IF(E$44=0,"",E49/E$44) | L49: =IF(F$44=0,"",F49/F$44) | M49: =IF(COUNT(H49:K49)<2,"",MAX(H49:K49)-MIN(H49:K49)) | N49: Q3 | O49: =IF(M49="","",M49+ROW()/1000000000) | P49: =IF(M49="","",INDEX($A$5:$A$8,MATCH(MAX(H49:K49),H49:K49,0))) | Q49: =IF(M49="","",INDEX($A$5:$A$8,MATCH(MIN(H49:K49),H49:K49,0)))
A52: Q4. Which tasks do you use AI tools for? Select all that apply.
A53: Base = respondents in the group who answered the question | B53: Count | H53: Column % (within group) | M53: Gap (max - min)
B54: =$A$5 -> Formal training | C54: =$A$6 -> Written policy or guidelines only | D54: =$A$7 -> Informal advice only | E54: =$A$8 -> No guidance at all | F54: All | H54: =$A$5 -> Formal training | I54: =$A$6 -> Written policy or guidelines only | J54: =$A$7 -> Informal advice only | K54: =$A$8 -> No guidance at all | L54: All
A55: Base (n answering) | B55: =COUNTIFS(Responses!$K$2:$K$1000,$A$5,Responses!$E$2:$E$1000,"<>") -> 0 | C55: =COUNTIFS(Responses!$K$2:$K$1000,$A$6,Responses!$E$2:$E$1000,"<>") -> 0 | D55: =COUNTIFS(Responses!$K$2:$K$1000,$A$7,Responses!$E$2:$E$1000,"<>") -> 0 | E55: =COUNTIFS(Responses!$K$2:$K$1000,$A$8,Responses!$E$2:$E$1000,"<>") -> 0 | F55: =COUNTA(Responses!$E$2:$E$1000) -> 0
A56: Writing or editing | B56: =COUNTIFS(Responses!$E$2:$E$1000,"*"&$A56&"*",Responses!$K$2:$K$1000,$A$5) -> 0 | C56: =COUNTIFS(Responses!$E$2:$E$1000,"*"&$A56&"*",Responses!$K$2:$K$1000,$A$6) -> 0 | D56: =COUNTIFS(Responses!$E$2:$E$1000,"*"&$A56&"*",Responses!$K$2:$K$1000,$A$7) -> 0 | E56: =COUNTIFS(Responses!$E$2:$E$1000,"*"&$A56&"*",Responses!$K$2:$K$1000,$A$8) -> 0 | F56: =COUNTIF(Responses!$E$2:$E$1000,"*"&$A56&"*") -> 0 | H56: =IF(B$55=0,"",B56/B$55) | I56: =IF(C$55=0,"",C56/C$55) | J56: =IF(D$55=0,"",D56/D$55) | K56: =IF(E$55=0,"",E56/E$55) | L56: =IF(F$55=0,"",F56/F$55) | M56: =IF(COUNT(H56:K56)<2,"",MAX(H56:K56)-MIN(H56:K56)) | N56: Q4 | O56: =IF(M56="","",M56+ROW()/1000000000) | P56: =IF(M56="","",INDEX($A$5:$A$8,MATCH(MAX(H56:K56),H56:K56,0))) | Q56: =IF(M56="","",INDEX($A$5:$A$8,MATCH(MIN(H56:K56),H56:K56,0)))
A57: Research or summarizing | B57: =COUNTIFS(Responses!$E$2:$E$1000,"*"&$A57&"*",Responses!$K$2:$K$1000,$A$5) -> 0 | C57: =COUNTIFS(Responses!$E$2:$E$1000,"*"&$A57&"*",Responses!$K$2:$K$1000,$A$6) -> 0 | D57: =COUNTIFS(Responses!$E$2:$E$1000,"*"&$A57&"*",Responses!$K$2:$K$1000,$A$7) -> 0 | E57: =COUNTIFS(Responses!$E$2:$E$1000,"*"&$A57&"*",Responses!$K$2:$K$1000,$A$8) -> 0 | F57: =COUNTIF(Responses!$E$2:$E$1000,"*"&$A57&"*") -> 0 | H57: =IF(B$55=0,"",B57/B$55) | I57: =IF(C$55=0,"",C57/C$55) | J57: =IF(D$55=0,"",D57/D$55) | K57: =IF(E$55=0,"",E57/E$55) | L57: =IF(F$55=0,"",F57/F$55) | M57: =IF(COUNT(H57:K57)<2,"",MAX(H57:K57)-MIN(H57:K57)) | N57: Q4 | O57: =IF(M57="","",M57+ROW()/1000000000) | P57: =IF(M57="","",INDEX($A$5:$A$8,MATCH(MAX(H57:K57),H57:K57,0))) | Q57: =IF(M57="","",INDEX($A$5:$A$8,MATCH(MIN(H57:K57),H57:K57,0)))
A58: Brainstorming ideas | B58: =COUNTIFS(Responses!$E$2:$E$1000,"*"&$A58&"*",Responses!$K$2:$K$1000,$A$5) -> 0 | C58: =COUNTIFS(Responses!$E$2:$E$1000,"*"&$A58&"*",Responses!$K$2:$K$1000,$A$6) -> 0 | D58: =COUNTIFS(Responses!$E$2:$E$1000,"*"&$A58&"*",Responses!$K$2:$K$1000,$A$7) -> 0 | E58: =COUNTIFS(Responses!$E$2:$E$1000,"*"&$A58&"*",Responses!$K$2:$K$1000,$A$8) -> 0 | F58: =COUNTIF(Responses!$E$2:$E$1000,"*"&$A58&"*") -> 0 | H58: =IF(B$55=0,"",B58/B$55) | I58: =IF(C$55=0,"",C58/C$55) | J58: =IF(D$55=0,"",D58/D$55) | K58: =IF(E$55=0,"",E58/E$55) | L58: =IF(F$55=0,"",F58/F$55) | M58: =IF(COUNT(H58:K58)<2,"",MAX(H58:K58)-MIN(H58:K58)) | N58: Q4 | O58: =IF(M58="","",M58+ROW()/1000000000) | P58: =IF(M58="","",INDEX($A$5:$A$8,MATCH(MAX(H58:K58),H58:K58,0))) | Q58: =IF(M58="","",INDEX($A$5:$A$8,MATCH(MIN(H58:K58),H58:K58,0)))
A59: Analyzing data or spreadsheets | B59: =COUNTIFS(Responses!$E$2:$E$1000,"*"&$A59&"*",Responses!$K$2:$K$1000,$A$5) -> 0 | C59: =COUNTIFS(Responses!$E$2:$E$1000,"*"&$A59&"*",Responses!$K$2:$K$1000,$A$6) -> 0 | D59: =COUNTIFS(Responses!$E$2:$E$1000,"*"&$A59&"*",Responses!$K$2:$K$1000,$A$7) -> 0 | E59: =COUNTIFS(Responses!$E$2:$E$1000,"*"&$A59&"*",Responses!$K$2:$K$1000,$A$8) -> 0 | F59: =COUNTIF(Responses!$E$2:$E$1000,"*"&$A59&"*") -> 0 | H59: =IF(B$55=0,"",B59/B$55) | I59: =IF(C$55=0,"",C59/C$55) | J59: =IF(D$55=0,"",D59/D$55) | K59: =IF(E$55=0,"",E59/E$55) | L59: =IF(F$55=0,"",F59/F$55) | M59: =IF(COUNT(H59:K59)<2,"",MAX(H59:K59)-MIN(H59:K59)) | N59: Q4 | O59: =IF(M59="","",M59+ROW()/1000000000) | P59: =IF(M59="","",INDEX($A$5:$A$8,MATCH(MAX(H59:K59),H59:K59,0))) | Q59: =IF(M59="","",INDEX($A$5:$A$8,MATCH(MIN(H59:K59),H59:K59,0)))
A60: Coding or technical help | B60: =COUNTIFS(Responses!$E$2:$E$1000,"*"&$A60&"*",Responses!$K$2:$K$1000,$A$5) -> 0 | C60: =COUNTIFS(Responses!$E$2:$E$1000,"*"&$A60&"*",Responses!$K$2:$K$1000,$A$6) -> 0 | D60: =COUNTIFS(Responses!$E$2:$E$1000,"*"&$A60&"*",Responses!$K$2:$K$1000,$A$7) -> 0 | E60: =COUNTIFS(Responses!$E$2:$E$1000,"*"&$A60&"*",Responses!$K$2:$K$1000,$A$8) -> 0 | F60: =COUNTIF(Responses!$E$2:$E$1000,"*"&$A60&"*") -> 0 | H60: =IF(B$55=0,"",B60/B$55) | I60: =IF(C$55=0,"",C60/C$55) | J60: =IF(D$55=0,"",D60/D$55) | K60: =IF(E$55=0,"",E60/E$55) | L60: =IF(F$55=0,"",F60/F$55) | M60: =IF(COUNT(H60:K60)<2,"",MAX(H60:K60)-MIN(H60:K60)) | N60: Q4 | O60: =IF(M60="","",M60+ROW()/1000000000) | P60: =IF(M60="","",INDEX($A$5:$A$8,MATCH(MAX(H60:K60),H60:K60,0))) | Q60: =IF(M60="","",INDEX($A$5:$A$8,MATCH(MIN(H60:K60),H60:K60,0)))
A61: Translation or language support | B61: =COUNTIFS(Responses!$E$2:$E$1000,"*"&$A61&"*",Responses!$K$2:$K$1000,$A$5) -> 0 | C61: =COUNTIFS(Responses!$E$2:$E$1000,"*"&$A61&"*",Responses!$K$2:$K$1000,$A$6) -> 0 | D61: =COUNTIFS(Responses!$E$2:$E$1000,"*"&$A61&"*",Responses!$K$2:$K$1000,$A$7) -> 0 | E61: =COUNTIFS(Responses!$E$2:$E$1000,"*"&$A61&"*",Responses!$K$2:$K$1000,$A$8) -> 0 | F61: =COUNTIF(Responses!$E$2:$E$1000,"*"&$A61&"*") -> 0 | H61: =IF(B$55=0,"",B61/B$55) | I61: =IF(C$55=0,"",C61/C$55) | J61: =IF(D$55=0,"",D61/D$55) | K61: =IF(E$55=0,"",E61/E$55) | L61: =IF(F$55=0,"",F61/F$55) | M61: =IF(COUNT(H61:K61)<2,"",MAX(H61:K61)-MIN(H61:K61)) | N61: Q4 | O61: =IF(M61="","",M61+ROW()/1000000000) | P61: =IF(M61="","",INDEX($A$5:$A$8,MATCH(MAX(H61:K61),H61:K61,0))) | Q61: =IF(M61="","",INDEX($A$5:$A$8,MATCH(MIN(H61:K61),H61:K61,0)))
A62: Scheduling or admin tasks | B62: =COUNTIFS(Responses!$E$2:$E$1000,"*"&$A62&"*",Responses!$K$2:$K$1000,$A$5) -> 0 | C62: =COUNTIFS(Responses!$E$2:$E$1000,"*"&$A62&"*",Responses!$K$2:$K$1000,$A$6) -> 0 | D62: =COUNTIFS(Responses!$E$2:$E$1000,"*"&$A62&"*",Responses!$K$2:$K$1000,$A$7) -> 0 | E62: =COUNTIFS(Responses!$E$2:$E$1000,"*"&$A62&"*",Responses!$K$2:$K$1000,$A$8) -> 0 | F62: =COUNTIF(Responses!$E$2:$E$1000,"*"&$A62&"*") -> 0 | H62: =IF(B$55=0,"",B62/B$55) | I62: =IF(C$55=0,"",C62/C$55) | J62: =IF(D$55=0,"",D62/D$55) | K62: =IF(E$55=0,"",E62/E$55) | L62: =IF(F$55=0,"",F62/F$55) | M62: =IF(COUNT(H62:K62)<2,"",MAX(H62:K62)-MIN(H62:K62)) | N62: Q4 | O62: =IF(M62="","",M62+ROW()/1000000000) | P62: =IF(M62="","",INDEX($A$5:$A$8,MATCH(MAX(H62:K62),H62:K62,0))) | Q62: =IF(M62="","",INDEX($A$5:$A$8,MATCH(MIN(H62:K62),H62:K62,0)))
A65: Q5. On average, about how much time per week do AI tools save you?
A66: Base = respondents in the group who answered the question | B66: Count | H66: Column % (within group) | M66: Gap (max - min)
B67: =$A$5 -> Formal training | C67: =$A$6 -> Written policy or guidelines only | D67: =$A$7 -> Informal advice only | E67: =$A$8 -> No guidance at all | F67: All | H67: =$A$5 -> Formal training | I67: =$A$6 -> Written policy or guidelines only | J67: =$A$7 -> Informal advice only | K67: =$A$8 -> No guidance at all | L67: All
A68: Base (n answering) | B68: =COUNTIFS(Responses!$K$2:$K$1000,$A$5,Responses!$F$2:$F$1000,"<>") -> 0 | C68: =COUNTIFS(Responses!$K$2:$K$1000,$A$6,Responses!$F$2:$F$1000,"<>") -> 0 | D68: =COUNTIFS(Responses!$K$2:$K$1000,$A$7,Responses!$F$2:$F$1000,"<>") -> 0 | E68: =COUNTIFS(Responses!$K$2:$K$1000,$A$8,Responses!$F$2:$F$1000,"<>") -> 0 | F68: =COUNTA(Responses!$F$2:$F$1000) -> 0
A69: None - no time saved | B69: =COUNTIFS(Responses!$F$2:$F$1000,$A69,Responses!$K$2:$K$1000,$A$5) -> 0 | C69: =COUNTIFS(Responses!$F$2:$F$1000,$A69,Responses!$K$2:$K$1000,$A$6) -> 0 | D69: =COUNTIFS(Responses!$F$2:$F$1000,$A69,Responses!$K$2:$K$1000,$A$7) -> 0 | E69: =COUNTIFS(Responses!$F$2:$F$1000,$A69,Responses!$K$2:$K$1000,$A$8) -> 0 | F69: =COUNTIF(Responses!$F$2:$F$1000,$A69) -> 0 | H69: =IF(B$68=0,"",B69/B$68) | I69: =IF(C$68=0,"",C69/C$68) | J69: =IF(D$68=0,"",D69/D$68) | K69: =IF(E$68=0,"",E69/E$68) | L69: =IF(F$68=0,"",F69/F$68) | M69: =IF(COUNT(H69:K69)<2,"",MAX(H69:K69)-MIN(H69:K69)) | N69: Q5 | O69: =IF(M69="","",M69+ROW()/1000000000) | P69: =IF(M69="","",INDEX($A$5:$A$8,MATCH(MAX(H69:K69),H69:K69,0))) | Q69: =IF(M69="","",INDEX($A$5:$A$8,MATCH(MIN(H69:K69),H69:K69,0)))
A70: Less than 1 hour | B70: =COUNTIFS(Responses!$F$2:$F$1000,$A70,Responses!$K$2:$K$1000,$A$5) -> 0 | C70: =COUNTIFS(Responses!$F$2:$F$1000,$A70,Responses!$K$2:$K$1000,$A$6) -> 0 | D70: =COUNTIFS(Responses!$F$2:$F$1000,$A70,Responses!$K$2:$K$1000,$A$7) -> 0 | E70: =COUNTIFS(Responses!$F$2:$F$1000,$A70,Responses!$K$2:$K$1000,$A$8) -> 0 | F70: =COUNTIF(Responses!$F$2:$F$1000,$A70) -> 0 | H70: =IF(B$68=0,"",B70/B$68) | I70: =IF(C$68=0,"",C70/C$68) | J70: =IF(D$68=0,"",D70/D$68) | K70: =IF(E$68=0,"",E70/E$68) | L70: =IF(F$68=0,"",F70/F$68) | M70: =IF(COUNT(H70:K70)<2,"",MAX(H70:K70)-MIN(H70:K70)) | N70: Q5 | O70: =IF(M70="","",M70+ROW()/1000000000) | P70: =IF(M70="","",INDEX($A$5:$A$8,MATCH(MAX(H70:K70),H70:K70,0))) | Q70: =IF(M70="","",INDEX($A$5:$A$8,MATCH(MIN(H70:K70),H70:K70,0)))
A71: 1 to 3 hours | B71: =COUNTIFS(Responses!$F$2:$F$1000,$A71,Responses!$K$2:$K$1000,$A$5) -> 0 | C71: =COUNTIFS(Responses!$F$2:$F$1000,$A71,Responses!$K$2:$K$1000,$A$6) -> 0 | D71: =COUNTIFS(Responses!$F$2:$F$1000,$A71,Responses!$K$2:$K$1000,$A$7) -> 0 | E71: =COUNTIFS(Responses!$F$2:$F$1000,$A71,Responses!$K$2:$K$1000,$A$8) -> 0 | F71: =COUNTIF(Responses!$F$2:$F$1000,$A71) -> 0 | H71: =IF(B$68=0,"",B71/B$68) | I71: =IF(C$68=0,"",C71/C$68) | J71: =IF(D$68=0,"",D71/D$68) | K71: =IF(E$68=0,"",E71/E$68) | L71: =IF(F$68=0,"",F71/F$68) | M71: =IF(COUNT(H71:K71)<2,"",MAX(H71:K71)-MIN(H71:K71)) | N71: Q5 | O71: =IF(M71="","",M71+ROW()/1000000000) | P71: =IF(M71="","",INDEX($A$5:$A$8,MATCH(MAX(H71:K71),H71:K71,0))) | Q71: =IF(M71="","",INDEX($A$5:$A$8,MATCH(MIN(H71:K71),H71:K71,0)))
A72: 4 to 6 hours | B72: =COUNTIFS(Responses!$F$2:$F$1000,$A72,Responses!$K$2:$K$1000,$A$5) -> 0 | C72: =COUNTIFS(Responses!$F$2:$F$1000,$A72,Responses!$K$2:$K$1000,$A$6) -> 0 | D72: =COUNTIFS(Responses!$F$2:$F$1000,$A72,Responses!$K$2:$K$1000,$A$7) -> 0 | E72: =COUNTIFS(Responses!$F$2:$F$1000,$A72,Responses!$K$2:$K$1000,$A$8) -> 0 | F72: =COUNTIF(Responses!$F$2:$F$1000,$A72) -> 0 | H72: =IF(B$68=0,"",B72/B$68) | I72: =IF(C$68=0,"",C72/C$68) | J72: =IF(D$68=0,"",D72/D$68) | K72: =IF(E$68=0,"",E72/E$68) | L72: =IF(F$68=0,"",F72/F$68) | M72: =IF(COUNT(H72:K72)<2,"",MAX(H72:K72)-MIN(H72:K72)) | N72: Q5 | O72: =IF(M72="","",M72+ROW()/1000000000) | P72: =IF(M72="","",INDEX($A$5:$A$8,MATCH(MAX(H72:K72),H72:K72,0))) | Q72: =IF(M72="","",INDEX($A$5:$A$8,MATCH(MIN(H72:K72),H72:K72,0)))
A73: 7 or more hours | B73: =COUNTIFS(Responses!$F$2:$F$1000,$A73,Responses!$K$2:$K$1000,$A$5) -> 0 | C73: =COUNTIFS(Responses!$F$2:$F$1000,$A73,Responses!$K$2:$K$1000,$A$6) -> 0 | D73: =COUNTIFS(Responses!$F$2:$F$1000,$A73,Responses!$K$2:$K$1000,$A$7) -> 0 | E73: =COUNTIFS(Responses!$F$2:$F$1000,$A73,Responses!$K$2:$K$1000,$A$8) -> 0 | F73: =COUNTIF(Responses!$F$2:$F$1000,$A73) -> 0 | H73: =IF(B$68=0,"",B73/B$68) | I73: =IF(C$68=0,"",C73/C$68) | J73: =IF(D$68=0,"",D73/D$68) | K73: =IF(E$68=0,"",E73/E$68) | L73: =IF(F$68=0,"",F73/F$68) | M73: =IF(COUNT(H73:K73)<2,"",MAX(H73:K73)-MIN(H73:K73)) | N73: Q5 | O73: =IF(M73="","",M73+ROW()/1000000000) | P73: =IF(M73="","",INDEX($A$5:$A$8,MATCH(MAX(H73:K73),H73:K73,0))) | Q73: =IF(M73="","",INDEX($A$5:$A$8,MATCH(MIN(H73:K73),H73:K73,0)))
A76: Q6. How much do you agree with each statement about your own use of AI tools?
A77: Base = respondents in the group who answered the question | B77: Count | H77: Column % (within group) | M77: Gap (max - min)
B78: =$A$5 -> Formal training | C78: =$A$6 -> Written policy or guidelines only | D78: =$A$7 -> Informal advice only | E78: =$A$8 -> No guidance at all | F78: All | H78: =$A$5 -> Formal training | I78: =$A$6 -> Written policy or guidelines only | J78: =$A$7 -> Informal advice only | K78: =$A$8 -> No guidance at all | L78: All
A79: Base (n answering) | B79: =COUNTIFS(Responses!$K$2:$K$1000,$A$5,Responses!$G$2:$G$1000,"<>") -> 0 | C79: =COUNTIFS(Responses!$K$2:$K$1000,$A$6,Responses!$G$2:$G$1000,"<>") -> 0 | D79: =COUNTIFS(Responses!$K$2:$K$1000,$A$7,Responses!$G$2:$G$1000,"<>") -> 0 | E79: =COUNTIFS(Responses!$K$2:$K$1000,$A$8,Responses!$G$2:$G$1000,"<>") -> 0 | F79: =COUNTA(Responses!$G$2:$G$1000) -> 0
A80: % agree or strongly agree: AI tools help me complete tasks faster. | B80: =COUNTIFS(Responses!$G$2:$G$1000,"Agree",Responses!$K$2:$K$1000,$A$5)+COUNTIFS(Responses!$G$2:$G$1000,"Strongly agree",Responses!$K$2:$K$1000,$A$5) -> 0 | C80: =COUNTIFS(Responses!$G$2:$G$1000,"Agree",Responses!$K$2:$K$1000,$A$6)+COUNTIFS(Responses!$G$2:$G$1000,"Strongly agree",Responses!$K$2:$K$1000,$A$6) -> 0 | D80: =COUNTIFS(Responses!$G$2:$G$1000,"Agree",Responses!$K$2:$K$1000,$A$7)+COUNTIFS(Responses!$G$2:$G$1000,"Strongly agree",Responses!$K$2:$K$1000,$A$7) -> 0 | E80: =COUNTIFS(Responses!$G$2:$G$1000,"Agree",Responses!$K$2:$K$1000,$A$8)+COUNTIFS(Responses!$G$2:$G$1000,"Strongly agree",Responses!$K$2:$K$1000,$A$8) -> 0 | F80: =COUNTIF(Responses!$G$2:$G$1000,"Agree")+COUNTIF(Responses!$G$2:$G$1000,"Strongly agree") -> 0 | H80: =IF(B$79=0,"",B80/B$79) | I80: =IF(C$79=0,"",C80/C$79) | J80: =IF(D$79=0,"",D80/D$79) | K80: =IF(E$79=0,"",E80/E$79) | L80: =IF(F$79=0,"",F80/F$79) | M80: =IF(COUNT(H80:K80)<2,"",MAX(H80:K80)-MIN(H80:K80)) | N80: Q6 | O80: =IF(M80="","",M80+ROW()/1000000000) | P80: =IF(M80="","",INDEX($A$5:$A$8,MATCH(MAX(H80:K80),H80:K80,0))) | Q80: =IF(M80="","",INDEX($A$5:$A$8,MATCH(MIN(H80:K80),H80:K80,0)))
A81: % agree or strongly agree: AI tools improve the quality of my work. | B81: =COUNTIFS(Responses!$H$2:$H$1000,"Agree",Responses!$K$2:$K$1000,$A$5)+COUNTIFS(Responses!$H$2:$H$1000,"Strongly agree",Responses!$K$2:$K$1000,$A$5) -> 0 | C81: =COUNTIFS(Responses!$H$2:$H$1000,"Agree",Responses!$K$2:$K$1000,$A$6)+COUNTIFS(Responses!$H$2:$H$1000,"Strongly agree",Responses!$K$2:$K$1000,$A$6) -> 0 | D81: =COUNTIFS(Responses!$H$2:$H$1000,"Agree",Responses!$K$2:$K$1000,$A$7)+COUNTIFS(Responses!$H$2:$H$1000,"Strongly agree",Responses!$K$2:$K$1000,$A$7) -> 0 | E81: =COUNTIFS(Responses!$H$2:$H$1000,"Agree",Responses!$K$2:$K$1000,$A$8)+COUNTIFS(Responses!$H$2:$H$1000,"Strongly agree",Responses!$K$2:$K$1000,$A$8) -> 0 | F81: =COUNTIF(Responses!$H$2:$H$1000,"Agree")+COUNTIF(Responses!$H$2:$H$1000,"Strongly agree") -> 0 | H81: =IF(B$79=0,"",B81/B$79) | I81: =IF(C$79=0,"",C81/C$79) | J81: =IF(D$79=0,"",D81/D$79) | K81: =IF(E$79=0,"",E81/E$79) | L81: =IF(F$79=0,"",F81/F$79) | M81: =IF(COUNT(H81:K81)<2,"",MAX(H81:K81)-MIN(H81:K81)) | N81: Q6 | O81: =IF(M81="","",M81+ROW()/1000000000) | P81: =IF(M81="","",INDEX($A$5:$A$8,MATCH(MAX(H81:K81),H81:K81,0))) | Q81: =IF(M81="","",INDEX($A$5:$A$8,MATCH(MIN(H81:K81),H81:K81,0)))
A82: % agree or strongly agree: I always check AI-generated output before I use it. | B82: =COUNTIFS(Responses!$I$2:$I$1000,"Agree",Responses!$K$2:$K$1000,$A$5)+COUNTIFS(Responses!$I$2:$I$1000,"Strongly agree",Responses!$K$2:$K$1000,$A$5) -> 0 | C82: =COUNTIFS(Responses!$I$2:$I$1000,"Agree",Responses!$K$2:$K$1000,$A$6)+COUNTIFS(Responses!$I$2:$I$1000,"Strongly agree",Responses!$K$2:$K$1000,$A$6) -> 0 | D82: =COUNTIFS(Responses!$I$2:$I$1000,"Agree",Responses!$K$2:$K$1000,$A$7)+COUNTIFS(Responses!$I$2:$I$1000,"Strongly agree",Responses!$K$2:$K$1000,$A$7) -> 0 | E82: =COUNTIFS(Responses!$I$2:$I$1000,"Agree",Responses!$K$2:$K$1000,$A$8)+COUNTIFS(Responses!$I$2:$I$1000,"Strongly agree",Responses!$K$2:$K$1000,$A$8) -> 0 | F82: =COUNTIF(Responses!$I$2:$I$1000,"Agree")+COUNTIF(Responses!$I$2:$I$1000,"Strongly agree") -> 0 | H82: =IF(B$79=0,"",B82/B$79) | I82: =IF(C$79=0,"",C82/C$79) | J82: =IF(D$79=0,"",D82/D$79) | K82: =IF(E$79=0,"",E82/E$79) | L82: =IF(F$79=0,"",F82/F$79) | M82: =IF(COUNT(H82:K82)<2,"",MAX(H82:K82)-MIN(H82:K82)) | N82: Q6 | O82: =IF(M82="","",M82+ROW()/1000000000) | P82: =IF(M82="","",INDEX($A$5:$A$8,MATCH(MAX(H82:K82),H82:K82,0))) | Q82: =IF(M82="","",INDEX($A$5:$A$8,MATCH(MIN(H82:K82),H82:K82,0)))
A85: Q7. How confident are you in your ability to use AI tools effectively?
A86: Base = respondents in the group who answered the question | B86: Count | H86: Column % (within group) | M86: Gap (max - min)
B87: =$A$5 -> Formal training | C87: =$A$6 -> Written policy or guidelines only | D87: =$A$7 -> Informal advice only | E87: =$A$8 -> No guidance at all | F87: All | H87: =$A$5 -> Formal training | I87: =$A$6 -> Written policy or guidelines only | J87: =$A$7 -> Informal advice only | K87: =$A$8 -> No guidance at all | L87: All
A88: Base (n answering) | B88: =COUNTIFS(Responses!$K$2:$K$1000,$A$5,Responses!$J$2:$J$1000,"<>") -> 0 | C88: =COUNTIFS(Responses!$K$2:$K$1000,$A$6,Responses!$J$2:$J$1000,"<>") -> 0 | D88: =COUNTIFS(Responses!$K$2:$K$1000,$A$7,Responses!$J$2:$J$1000,"<>") -> 0 | E88: =COUNTIFS(Responses!$K$2:$K$1000,$A$8,Responses!$J$2:$J$1000,"<>") -> 0 | F88: =COUNTA(Responses!$J$2:$J$1000) -> 0
A89: Rated 4 or 5 (high) | B89: =COUNTIFS(Responses!$J$2:$J$1000,">=4",Responses!$K$2:$K$1000,$A$5) -> 0 | C89: =COUNTIFS(Responses!$J$2:$J$1000,">=4",Responses!$K$2:$K$1000,$A$6) -> 0 | D89: =COUNTIFS(Responses!$J$2:$J$1000,">=4",Responses!$K$2:$K$1000,$A$7) -> 0 | E89: =COUNTIFS(Responses!$J$2:$J$1000,">=4",Responses!$K$2:$K$1000,$A$8) -> 0 | F89: =COUNTIF(Responses!$J$2:$J$1000,">=4") -> 0 | H89: =IF(B$88=0,"",B89/B$88) | I89: =IF(C$88=0,"",C89/C$88) | J89: =IF(D$88=0,"",D89/D$88) | K89: =IF(E$88=0,"",E89/E$88) | L89: =IF(F$88=0,"",F89/F$88) | M89: =IF(COUNT(H89:K89)<2,"",MAX(H89:K89)-MIN(H89:K89)) | N89: Q7 | O89: =IF(M89="","",M89+ROW()/1000000000) | P89: =IF(M89="","",INDEX($A$5:$A$8,MATCH(MAX(H89:K89),H89:K89,0))) | Q89: =IF(M89="","",INDEX($A$5:$A$8,MATCH(MIN(H89:K89),H89:K89,0)))
A90: Mean rating (1 to 5) | H90: =IFERROR(AVERAGEIFS(Responses!$J$2:$J$1000,Responses!$K$2:$K$1000,$A$5),"") | I90: =IFERROR(AVERAGEIFS(Responses!$J$2:$J$1000,Responses!$K$2:$K$1000,$A$6),"") | J90: =IFERROR(AVERAGEIFS(Responses!$J$2:$J$1000,Responses!$K$2:$K$1000,$A$7),"") | K90: =IFERROR(AVERAGEIFS(Responses!$J$2:$J$1000,Responses!$K$2:$K$1000,$A$8),"") | L90: =IFERROR(AVERAGE(Responses!$J$2:$J$1000),"") | M90: =IF(COUNT(H90:K90)<2,"",MAX(H90:K90)-MIN(H90:K90))
A93: Q9. Which best describes your employer's or school's current approach to AI tools?
A94: Base = respondents in the group who answered the question | B94: Count | H94: Column % (within group) | M94: Gap (max - min)
B95: =$A$5 -> Formal training | C95: =$A$6 -> Written policy or guidelines only | D95: =$A$7 -> Informal advice only | E95: =$A$8 -> No guidance at all | F95: All | H95: =$A$5 -> Formal training | I95: =$A$6 -> Written policy or guidelines only | J95: =$A$7 -> Informal advice only | K95: =$A$8 -> No guidance at all | L95: All
A96: Base (n answering) | B96: =COUNTIFS(Responses!$K$2:$K$1000,$A$5,Responses!$L$2:$L$1000,"<>") -> 0 | C96: =COUNTIFS(Responses!$K$2:$K$1000,$A$6,Responses!$L$2:$L$1000,"<>") -> 0 | D96: =COUNTIFS(Responses!$K$2:$K$1000,$A$7,Responses!$L$2:$L$1000,"<>") -> 0 | E96: =COUNTIFS(Responses!$K$2:$K$1000,$A$8,Responses!$L$2:$L$1000,"<>") -> 0 | F96: =COUNTA(Responses!$L$2:$L$1000) -> 0
A97: Encouraged and supported | B97: =COUNTIFS(Responses!$L$2:$L$1000,$A97,Responses!$K$2:$K$1000,$A$5) -> 0 | C97: =COUNTIFS(Responses!$L$2:$L$1000,$A97,Responses!$K$2:$K$1000,$A$6) -> 0 | D97: =COUNTIFS(Responses!$L$2:$L$1000,$A97,Responses!$K$2:$K$1000,$A$7) -> 0 | E97: =COUNTIFS(Responses!$L$2:$L$1000,$A97,Responses!$K$2:$K$1000,$A$8) -> 0 | F97: =COUNTIF(Responses!$L$2:$L$1000,$A97) -> 0 | H97: =IF(B$96=0,"",B97/B$96) | I97: =IF(C$96=0,"",C97/C$96) | J97: =IF(D$96=0,"",D97/D$96) | K97: =IF(E$96=0,"",E97/E$96) | L97: =IF(F$96=0,"",F97/F$96) | M97: =IF(COUNT(H97:K97)<2,"",MAX(H97:K97)-MIN(H97:K97)) | N97: Q9 | O97: =IF(M97="","",M97+ROW()/1000000000) | P97: =IF(M97="","",INDEX($A$5:$A$8,MATCH(MAX(H97:K97),H97:K97,0))) | Q97: =IF(M97="","",INDEX($A$5:$A$8,MATCH(MIN(H97:K97),H97:K97,0)))
A98: Allowed with rules | B98: =COUNTIFS(Responses!$L$2:$L$1000,$A98,Responses!$K$2:$K$1000,$A$5) -> 0 | C98: =COUNTIFS(Responses!$L$2:$L$1000,$A98,Responses!$K$2:$K$1000,$A$6) -> 0 | D98: =COUNTIFS(Responses!$L$2:$L$1000,$A98,Responses!$K$2:$K$1000,$A$7) -> 0 | E98: =COUNTIFS(Responses!$L$2:$L$1000,$A98,Responses!$K$2:$K$1000,$A$8) -> 0 | F98: =COUNTIF(Responses!$L$2:$L$1000,$A98) -> 0 | H98: =IF(B$96=0,"",B98/B$96) | I98: =IF(C$96=0,"",C98/C$96) | J98: =IF(D$96=0,"",D98/D$96) | K98: =IF(E$96=0,"",E98/E$96) | L98: =IF(F$96=0,"",F98/F$96) | M98: =IF(COUNT(H98:K98)<2,"",MAX(H98:K98)-MIN(H98:K98)) | N98: Q9 | O98: =IF(M98="","",M98+ROW()/1000000000) | P98: =IF(M98="","",INDEX($A$5:$A$8,MATCH(MAX(H98:K98),H98:K98,0))) | Q98: =IF(M98="","",INDEX($A$5:$A$8,MATCH(MIN(H98:K98),H98:K98,0)))
A99: Discouraged or restricted | B99: =COUNTIFS(Responses!$L$2:$L$1000,$A99,Responses!$K$2:$K$1000,$A$5) -> 0 | C99: =COUNTIFS(Responses!$L$2:$L$1000,$A99,Responses!$K$2:$K$1000,$A$6) -> 0 | D99: =COUNTIFS(Responses!$L$2:$L$1000,$A99,Responses!$K$2:$K$1000,$A$7) -> 0 | E99: =COUNTIFS(Responses!$L$2:$L$1000,$A99,Responses!$K$2:$K$1000,$A$8) -> 0 | F99: =COUNTIF(Responses!$L$2:$L$1000,$A99) -> 0 | H99: =IF(B$96=0,"",B99/B$96) | I99: =IF(C$96=0,"",C99/C$96) | J99: =IF(D$96=0,"",D99/D$96) | K99: =IF(E$96=0,"",E99/E$96) | L99: =IF(F$96=0,"",F99/F$96) | M99: =IF(COUNT(H99:K99)<2,"",MAX(H99:K99)-MIN(H99:K99)) | N99: Q9 | O99: =IF(M99="","",M99+ROW()/1000000000) | P99: =IF(M99="","",INDEX($A$5:$A$8,MATCH(MAX(H99:K99),H99:K99,0))) | Q99: =IF(M99="","",INDEX($A$5:$A$8,MATCH(MIN(H99:K99),H99:K99,0)))
A100: Banned | B100: =COUNTIFS(Responses!$L$2:$L$1000,$A100,Responses!$K$2:$K$1000,$A$5) -> 0 | C100: =COUNTIFS(Responses!$L$2:$L$1000,$A100,Responses!$K$2:$K$1000,$A$6) -> 0 | D100: =COUNTIFS(Responses!$L$2:$L$1000,$A100,Responses!$K$2:$K$1000,$A$7) -> 0 | E100: =COUNTIFS(Responses!$L$2:$L$1000,$A100,Responses!$K$2:$K$1000,$A$8) -> 0 | F100: =COUNTIF(Responses!$L$2:$L$1000,$A100) -> 0 | H100: =IF(B$96=0,"",B100/B$96) | I100: =IF(C$96=0,"",C100/C$96) | J100: =IF(D$96=0,"",D100/D$96) | K100: =IF(E$96=0,"",E100/E$96) | L100: =IF(F$96=0,"",F100/F$96) | M100: =IF(COUNT(H100:K100)<2,"",MAX(H100:K100)-MIN(H100:K100)) | N100: Q9 | O100: =IF(M100="","",M100+ROW()/1000000000) | P100: =IF(M100="","",INDEX($A$5:$A$8,MATCH(MAX(H100:K100),H100:K100,0))) | Q100: =IF(M100="","",INDEX($A$5:$A$8,MATCH(MIN(H100:K100),H100:K100,0)))
A101: Not sure or no policy | B101: =COUNTIFS(Responses!$L$2:$L$1000,$A101,Responses!$K$2:$K$1000,$A$5) -> 0 | C101: =COUNTIFS(Responses!$L$2:$L$1000,$A101,Responses!$K$2:$K$1000,$A$6) -> 0 | D101: =COUNTIFS(Responses!$L$2:$L$1000,$A101,Responses!$K$2:$K$1000,$A$7) -> 0 | E101: =COUNTIFS(Responses!$L$2:$L$1000,$A101,Responses!$K$2:$K$1000,$A$8) -> 0 | F101: =COUNTIF(Responses!$L$2:$L$1000,$A101) -> 0 | H101: =IF(B$96=0,"",B101/B$96) | I101: =IF(C$96=0,"",C101/C$96) | J101: =IF(D$96=0,"",D101/D$96) | K101: =IF(E$96=0,"",E101/E$96) | L101: =IF(F$96=0,"",F101/F$96) | M101: =IF(COUNT(H101:K101)<2,"",MAX(H101:K101)-MIN(H101:K101)) | N101: Q9 | O101: =IF(M101="","",M101+ROW()/1000000000) | P101: =IF(M101="","",INDEX($A$5:$A$8,MATCH(MAX(H101:K101),H101:K101,0))) | Q101: =IF(M101="","",INDEX($A$5:$A$8,MATCH(MIN(H101:K101),H101:K101,0)))
A104: Q10. What are the biggest barriers to using AI tools (more) in your work or study? Select up to 3.
A105: Base = respondents in the group who answered the question | B105: Count | H105: Column % (within group) | M105: Gap (max - min)
B106: =$A$5 -> Formal training | C106: =$A$6 -> Written policy or guidelines only | D106: =$A$7 -> Informal advice only | E106: =$A$8 -> No guidance at all | F106: All | H106: =$A$5 -> Formal training | I106: =$A$6 -> Written policy or guidelines only | J106: =$A$7 -> Informal advice only | K106: =$A$8 -> No guidance at all | L106: All
A107: Base (n answering) | B107: =COUNTIFS(Responses!$K$2:$K$1000,$A$5,Responses!$M$2:$M$1000,"<>") -> 0 | C107: =COUNTIFS(Responses!$K$2:$K$1000,$A$6,Responses!$M$2:$M$1000,"<>") -> 0 | D107: =COUNTIFS(Responses!$K$2:$K$1000,$A$7,Responses!$M$2:$M$1000,"<>") -> 0 | E107: =COUNTIFS(Responses!$K$2:$K$1000,$A$8,Responses!$M$2:$M$1000,"<>") -> 0 | F107: =COUNTA(Responses!$M$2:$M$1000) -> 0
A108: Concerns about accuracy | B108: =COUNTIFS(Responses!$M$2:$M$1000,"*"&$A108&"*",Responses!$K$2:$K$1000,$A$5) -> 0 | C108: =COUNTIFS(Responses!$M$2:$M$1000,"*"&$A108&"*",Responses!$K$2:$K$1000,$A$6) -> 0 | D108: =COUNTIFS(Responses!$M$2:$M$1000,"*"&$A108&"*",Responses!$K$2:$K$1000,$A$7) -> 0 | E108: =COUNTIFS(Responses!$M$2:$M$1000,"*"&$A108&"*",Responses!$K$2:$K$1000,$A$8) -> 0 | F108: =COUNTIF(Responses!$M$2:$M$1000,"*"&$A108&"*") -> 0 | H108: =IF(B$107=0,"",B108/B$107) | I108: =IF(C$107=0,"",C108/C$107) | J108: =IF(D$107=0,"",D108/D$107) | K108: =IF(E$107=0,"",E108/E$107) | L108: =IF(F$107=0,"",F108/F$107) | M108: =IF(COUNT(H108:K108)<2,"",MAX(H108:K108)-MIN(H108:K108)) | N108: Q10 | O108: =IF(M108="","",M108+ROW()/1000000000) | P108: =IF(M108="","",INDEX($A$5:$A$8,MATCH(MAX(H108:K108),H108:K108,0))) | Q108: =IF(M108="","",INDEX($A$5:$A$8,MATCH(MIN(H108:K108),H108:K108,0)))
A109: Data privacy or confidentiality concerns | B109: =COUNTIFS(Responses!$M$2:$M$1000,"*"&$A109&"*",Responses!$K$2:$K$1000,$A$5) -> 0 | C109: =COUNTIFS(Responses!$M$2:$M$1000,"*"&$A109&"*",Responses!$K$2:$K$1000,$A$6) -> 0 | D109: =COUNTIFS(Responses!$M$2:$M$1000,"*"&$A109&"*",Responses!$K$2:$K$1000,$A$7) -> 0 | E109: =COUNTIFS(Responses!$M$2:$M$1000,"*"&$A109&"*",Responses!$K$2:$K$1000,$A$8) -> 0 | F109: =COUNTIF(Responses!$M$2:$M$1000,"*"&$A109&"*") -> 0 | H109: =IF(B$107=0,"",B109/B$107) | I109: =IF(C$107=0,"",C109/C$107) | J109: =IF(D$107=0,"",D109/D$107) | K109: =IF(E$107=0,"",E109/E$107) | L109: =IF(F$107=0,"",F109/F$107) | M109: =IF(COUNT(H109:K109)<2,"",MAX(H109:K109)-MIN(H109:K109)) | N109: Q10 | O109: =IF(M109="","",M109+ROW()/1000000000) | P109: =IF(M109="","",INDEX($A$5:$A$8,MATCH(MAX(H109:K109),H109:K109,0))) | Q109: =IF(M109="","",INDEX($A$5:$A$8,MATCH(MIN(H109:K109),H109:K109,0)))
A110: Rules or policy restrictions | B110: =COUNTIFS(Responses!$M$2:$M$1000,"*"&$A110&"*",Responses!$K$2:$K$1000,$A$5) -> 0 | C110: =COUNTIFS(Responses!$M$2:$M$1000,"*"&$A110&"*",Responses!$K$2:$K$1000,$A$6) -> 0 | D110: =COUNTIFS(Responses!$M$2:$M$1000,"*"&$A110&"*",Responses!$K$2:$K$1000,$A$7) -> 0 | E110: =COUNTIFS(Responses!$M$2:$M$1000,"*"&$A110&"*",Responses!$K$2:$K$1000,$A$8) -> 0 | F110: =COUNTIF(Responses!$M$2:$M$1000,"*"&$A110&"*") -> 0 | H110: =IF(B$107=0,"",B110/B$107) | I110: =IF(C$107=0,"",C110/C$107) | J110: =IF(D$107=0,"",D110/D$107) | K110: =IF(E$107=0,"",E110/E$107) | L110: =IF(F$107=0,"",F110/F$107) | M110: =IF(COUNT(H110:K110)<2,"",MAX(H110:K110)-MIN(H110:K110)) | N110: Q10 | O110: =IF(M110="","",M110+ROW()/1000000000) | P110: =IF(M110="","",INDEX($A$5:$A$8,MATCH(MAX(H110:K110),H110:K110,0))) | Q110: =IF(M110="","",INDEX($A$5:$A$8,MATCH(MIN(H110:K110),H110:K110,0)))
A111: Lack of training or skills | B111: =COUNTIFS(Responses!$M$2:$M$1000,"*"&$A111&"*",Responses!$K$2:$K$1000,$A$5) -> 0 | C111: =COUNTIFS(Responses!$M$2:$M$1000,"*"&$A111&"*",Responses!$K$2:$K$1000,$A$6) -> 0 | D111: =COUNTIFS(Responses!$M$2:$M$1000,"*"&$A111&"*",Responses!$K$2:$K$1000,$A$7) -> 0 | E111: =COUNTIFS(Responses!$M$2:$M$1000,"*"&$A111&"*",Responses!$K$2:$K$1000,$A$8) -> 0 | F111: =COUNTIF(Responses!$M$2:$M$1000,"*"&$A111&"*") -> 0 | H111: =IF(B$107=0,"",B111/B$107) | I111: =IF(C$107=0,"",C111/C$107) | J111: =IF(D$107=0,"",D111/D$107) | K111: =IF(E$107=0,"",E111/E$107) | L111: =IF(F$107=0,"",F111/F$107) | M111: =IF(COUNT(H111:K111)<2,"",MAX(H111:K111)-MIN(H111:K111)) | N111: Q10 | O111: =IF(M111="","",M111+ROW()/1000000000) | P111: =IF(M111="","",INDEX($A$5:$A$8,MATCH(MAX(H111:K111),H111:K111,0))) | Q111: =IF(M111="","",INDEX($A$5:$A$8,MATCH(MIN(H111:K111),H111:K111,0)))
A112: Cost of tools | B112: =COUNTIFS(Responses!$M$2:$M$1000,"*"&$A112&"*",Responses!$K$2:$K$1000,$A$5) -> 0 | C112: =COUNTIFS(Responses!$M$2:$M$1000,"*"&$A112&"*",Responses!$K$2:$K$1000,$A$6) -> 0 | D112: =COUNTIFS(Responses!$M$2:$M$1000,"*"&$A112&"*",Responses!$K$2:$K$1000,$A$7) -> 0 | E112: =COUNTIFS(Responses!$M$2:$M$1000,"*"&$A112&"*",Responses!$K$2:$K$1000,$A$8) -> 0 | F112: =COUNTIF(Responses!$M$2:$M$1000,"*"&$A112&"*") -> 0 | H112: =IF(B$107=0,"",B112/B$107) | I112: =IF(C$107=0,"",C112/C$107) | J112: =IF(D$107=0,"",D112/D$107) | K112: =IF(E$107=0,"",E112/E$107) | L112: =IF(F$107=0,"",F112/F$107) | M112: =IF(COUNT(H112:K112)<2,"",MAX(H112:K112)-MIN(H112:K112)) | N112: Q10 | O112: =IF(M112="","",M112+ROW()/1000000000) | P112: =IF(M112="","",INDEX($A$5:$A$8,MATCH(MAX(H112:K112),H112:K112,0))) | Q112: =IF(M112="","",INDEX($A$5:$A$8,MATCH(MIN(H112:K112),H112:K112,0)))
A113: Academic or professional integrity concerns | B113: =COUNTIFS(Responses!$M$2:$M$1000,"*"&$A113&"*",Responses!$K$2:$K$1000,$A$5) -> 0 | C113: =COUNTIFS(Responses!$M$2:$M$1000,"*"&$A113&"*",Responses!$K$2:$K$1000,$A$6) -> 0 | D113: =COUNTIFS(Responses!$M$2:$M$1000,"*"&$A113&"*",Responses!$K$2:$K$1000,$A$7) -> 0 | E113: =COUNTIFS(Responses!$M$2:$M$1000,"*"&$A113&"*",Responses!$K$2:$K$1000,$A$8) -> 0 | F113: =COUNTIF(Responses!$M$2:$M$1000,"*"&$A113&"*") -> 0 | H113: =IF(B$107=0,"",B113/B$107) | I113: =IF(C$107=0,"",C113/C$107) | J113: =IF(D$107=0,"",D113/D$107) | K113: =IF(E$107=0,"",E113/E$107) | L113: =IF(F$107=0,"",F113/F$107) | M113: =IF(COUNT(H113:K113)<2,"",MAX(H113:K113)-MIN(H113:K113)) | N113: Q10 | O113: =IF(M113="","",M113+ROW()/1000000000) | P113: =IF(M113="","",INDEX($A$5:$A$8,MATCH(MAX(H113:K113),H113:K113,0))) | Q113: =IF(M113="","",INDEX($A$5:$A$8,MATCH(MIN(H113:K113),H113:K113,0)))
A114: I do not see a need | B114: =COUNTIFS(Responses!$M$2:$M$1000,"*"&$A114&"*",Responses!$K$2:$K$1000,$A$5) -> 0 | C114: =COUNTIFS(Responses!$M$2:$M$1000,"*"&$A114&"*",Responses!$K$2:$K$1000,$A$6) -> 0 | D114: =COUNTIFS(Responses!$M$2:$M$1000,"*"&$A114&"*",Responses!$K$2:$K$1000,$A$7) -> 0 | E114: =COUNTIFS(Responses!$M$2:$M$1000,"*"&$A114&"*",Responses!$K$2:$K$1000,$A$8) -> 0 | F114: =COUNTIF(Responses!$M$2:$M$1000,"*"&$A114&"*") -> 0 | H114: =IF(B$107=0,"",B114/B$107) | I114: =IF(C$107=0,"",C114/C$107) | J114: =IF(D$107=0,"",D114/D$107) | K114: =IF(E$107=0,"",E114/E$107) | L114: =IF(F$107=0,"",F114/F$107) | M114: =IF(COUNT(H114:K114)<2,"",MAX(H114:K114)-MIN(H114:K114)) | N114: Q10 | O114: =IF(M114="","",M114+ROW()/1000000000) | P114: =IF(M114="","",INDEX($A$5:$A$8,MATCH(MAX(H114:K114),H114:K114,0))) | Q114: =IF(M114="","",INDEX($A$5:$A$8,MATCH(MIN(H114:K114),H114:K114,0)))
A117: Q11. "AI will reduce job opportunities in my field over the next 5 years." How much do you agree?
A118: Base = respondents in the group who answered the question | B118: Count | H118: Column % (within group) | M118: Gap (max - min)
B119: =$A$5 -> Formal training | C119: =$A$6 -> Written policy or guidelines only | D119: =$A$7 -> Informal advice only | E119: =$A$8 -> No guidance at all | F119: All | H119: =$A$5 -> Formal training | I119: =$A$6 -> Written policy or guidelines only | J119: =$A$7 -> Informal advice only | K119: =$A$8 -> No guidance at all | L119: All
A120: Base (n answering) | B120: =COUNTIFS(Responses!$K$2:$K$1000,$A$5,Responses!$N$2:$N$1000,"<>") -> 0 | C120: =COUNTIFS(Responses!$K$2:$K$1000,$A$6,Responses!$N$2:$N$1000,"<>") -> 0 | D120: =COUNTIFS(Responses!$K$2:$K$1000,$A$7,Responses!$N$2:$N$1000,"<>") -> 0 | E120: =COUNTIFS(Responses!$K$2:$K$1000,$A$8,Responses!$N$2:$N$1000,"<>") -> 0 | F120: =COUNTA(Responses!$N$2:$N$1000) -> 0
A121: Rated 4 or 5 (high) | B121: =COUNTIFS(Responses!$N$2:$N$1000,">=4",Responses!$K$2:$K$1000,$A$5) -> 0 | C121: =COUNTIFS(Responses!$N$2:$N$1000,">=4",Responses!$K$2:$K$1000,$A$6) -> 0 | D121: =COUNTIFS(Responses!$N$2:$N$1000,">=4",Responses!$K$2:$K$1000,$A$7) -> 0 | E121: =COUNTIFS(Responses!$N$2:$N$1000,">=4",Responses!$K$2:$K$1000,$A$8) -> 0 | F121: =COUNTIF(Responses!$N$2:$N$1000,">=4") -> 0 | H121: =IF(B$120=0,"",B121/B$120) | I121: =IF(C$120=0,"",C121/C$120) | J121: =IF(D$120=0,"",D121/D$120) | K121: =IF(E$120=0,"",E121/E$120) | L121: =IF(F$120=0,"",F121/F$120) | M121: =IF(COUNT(H121:K121)<2,"",MAX(H121:K121)-MIN(H121:K121)) | N121: Q11 | O121: =IF(M121="","",M121+ROW()/1000000000) | P121: =IF(M121="","",INDEX($A$5:$A$8,MATCH(MAX(H121:K121),H121:K121,0))) | Q121: =IF(M121="","",INDEX($A$5:$A$8,MATCH(MIN(H121:K121),H121:K121,0)))
A122: Mean rating (1 to 5) | H122: =IFERROR(AVERAGEIFS(Responses!$N$2:$N$1000,Responses!$K$2:$K$1000,$A$5),"") | I122: =IFERROR(AVERAGEIFS(Responses!$N$2:$N$1000,Responses!$K$2:$K$1000,$A$6),"") | J122: =IFERROR(AVERAGEIFS(Responses!$N$2:$N$1000,Responses!$K$2:$K$1000,$A$7),"") | K122: =IFERROR(AVERAGEIFS(Responses!$N$2:$N$1000,Responses!$K$2:$K$1000,$A$8),"") | L122: =IFERROR(AVERAGE(Responses!$N$2:$N$1000),"") | M122: =IF(COUNT(H122:K122)<2,"",MAX(H122:K122)-MIN(H122:K122))
...

Sheet Codebook
A1: Q | B1: Column | C1: Header text on the form | D1: Type | E1: Answer options | F1: Shown to | G1: Why we ask it
A2: Q1 | B2: B | C2: Q1. Which age group are you in? | D2: Multiple choice (single answer) | E2: 18 to 24; 25 to 34; 35 to 44; 45 or older | F2: All respondents | G2: Primary demographic lens: lets us test whether adoption and attitudes differ by generation.
A3: Q2 | B3: C | C3: Q2. Which best describes what you do right now? | D3: Multiple choice (single answer) | E3: Student only; Employed only (full-time or part-time); Both student and employed; Neither at the moment | F3: All respondents | G3: Second lens: separates workplace experience from classroom experience.
A4: Q3 | B4: D | C4: Q3. How often do you use generative AI tools (for example ChatGPT, Copilot, Gemini or Claude) for work or study? | D4: Multiple choice (single answer) | E4: Never; Less than once a month; A few times a month; A few times a week; Daily | F4: All respondents | G4: Core adoption measure. Ordered scale makes group comparisons easy. 'Never' branches non-users past questions that do not apply to them.
A5: Q4 | B5: E | C5: Q4. Which tasks do you use AI tools for? Select all that apply. | D5: Checkboxes (select all / up to N) | E5: Writing or editing; Research or summarizing; Brainstorming ideas; Analyzing data or spreadsheets; Coding or technical help; Translation or language support; Scheduling or admin tasks | F5: AI users (Q3 not 'Never') | G5: Shows where AI is actually used, which tells an organization where training and tools would matter most.
A6: Q5 | B6: F | C6: Q5. On average, about how much time per week do AI tools save you? | D6: Multiple choice (single answer) | E6: None - no time saved; Less than 1 hour; 1 to 3 hours; 4 to 6 hours; 7 or more hours | F6: AI users (Q3 not 'Never') | G6: A concrete, business-relevant productivity measure (hours) rather than a vague opinion.
A7: Q6 | B7: G | C7: Q6. How much do you agree with each statement about your own use of AI tools? [AI tools help me complete tasks faster.] | D7: Likert grid (5-point agreement) | E7: Strongly disagree; Disagree; Neutral; Agree; Strongly agree | F7: AI users (Q3 not 'Never') | G7: Likert grid: efficient way to capture speed, quality and verification behaviour (a trust/risk proxy) in one question.
A8: Q6 | B8: H | C8: Q6. How much do you agree with each statement about your own use of AI tools? [AI tools improve the quality of my work.] | D8: Likert grid (5-point agreement) | E8: Strongly disagree; Disagree; Neutral; Agree; Strongly agree | F8: AI users (Q3 not 'Never')
A9: Q6 | B9: I | C9: Q6. How much do you agree with each statement about your own use of AI tools? [I always check AI-generated output before I use it.] | D9: Likert grid (5-point agreement) | E9: Strongly disagree; Disagree; Neutral; Agree; Strongly agree | F9: AI users (Q3 not 'Never')
A10: Q7 | B10: J | C10: Q7. How confident are you in your ability to use AI tools effectively? | D10: Linear scale (1 to 5) | E10: 1 (Not at all confident) to 5 (Very confident) | F10: AI users (Q3 not 'Never') | G10: Self-rated skill. Cross-tabbed against training received (Q8) to test whether support builds confidence.
A11: Q8 | B11: K | C11: Q8. Which best describes the guidance you have received about using AI tools from your employer or school? | D11: Multiple choice (single answer) | E11: Formal training; Written policy or guidelines only; Informal advice only; No guidance at all | F11: All respondents | G11: Measures the support gap. Used as a third analysis lens against confidence and barriers.
A12: Q9 | B12: L | C12: Q9. Which best describes your employer's or school's current approach to AI tools? | D12: Multiple choice (single answer) | E12: Encouraged and supported; Allowed with rules; Discouraged or restricted; Banned; Not sure or no policy | F12: All respondents | G12: Captures the policy environment people work in, including how many do not know the policy.
A13: Q10 | B13: M | C13: Q10. What are the biggest barriers to using AI tools (more) in your work or study? Select up to 3. | D13: Checkboxes (select all / up to N) | E13: Concerns about accuracy; Data privacy or confidentiality concerns; Rules or policy restrictions; Lack of training or skills; Cost of tools; Academic or professional integrity concerns; I do not see a need | F13: All respondents | G13: Limited to 3 choices to force prioritization. Answered by users and non-users alike.
A14: Q11 | B14: N | C14: Q11. "AI will reduce job opportunities in my field over the next 5 years." How much do you agree? | D14: Linear scale (1 to 5) | E14: 1 (Strongly disagree) to 5 (Strongly agree) | F14: All respondents | G14: Gauges workforce anxiety, a change-management risk for any organization adopting AI.
A15: Q12 | B15: O | C15: Q12. If your employer or school invested in ONE of these, which would help you most? | D15: Multiple choice (single answer) | E15: Approved and secure AI tools; Training workshops; Clear policy and guidelines; Time to experiment with tools; None of these - no investment needed | F15: All respondents | G15: Directly supports the recommendation: where should an organization spend first?
A16: Q13 | B16: P | C16: Q13. Over the next 12 months, do you expect your use of AI tools to change? | D16: Multiple choice (single answer) | E16: Increase a lot; Increase a little; Stay about the same; Decrease; I do not expect to use AI tools | F16: All respondents | G16: Forward-looking adoption signal for planning.
A17: Q14 | B17: Q | C17: Q14. In a sentence or two, what is the single biggest benefit or risk of AI tools for your work or study? (optional) | D17: Open-ended (paragraph) | E17: free text | F17: All respondents | G17: Open-ended question to capture reasons the closed questions miss. Optional, so response rate will be lower.
